dataset,method,train_size,seed,target_rows,status,error,method_success,effective_generator,fallback_used,fallback_reason,fallback_stage,fallback_rows,fallback_fraction,fallback_or_refill_rows,primary_generator_rows,repair_rows,repair_fraction,repair_runtime_seconds,llm_calls,llm_attempts,llm_repair_attempts,ollama_model,ollama_temperature,ollama_top_p,ollama_num_predict,code_llm_mode,code_llm_scaffold_version,code_llm_generation_success,code_llm_compile_success,code_llm_runtime_success,code_llm_validation_success,code_llm_repair_success,code_llm_fallback_used,code_llm_fallback_reason,code_llm_failure_stage,llm_generated_rows,llm_valid_rows,llm_raw_rows,llm_valid_fraction,primary_only_rows,primary_only_fraction_of_target,primary_only_tstr_f1,primary_only_distribution_distance_mean,parse_error_count,invalid_format_rows,ctgan_epochs_used,ctgan_raw_sampled_rows,ctgan_raw_valid_rows,ctgan_raw_valid_rate,ctgan_rejection_rows,ctgan_repair_rows,ctgan_repair_fraction,fallback_only_rows,postprocessing_used,postprocessing_type,raw_valid_rate,final_valid_rate,code_path,timeout_used,provenance_primary_source,provenance_fallback_source,format_valid,schema_valid,category_valid,range_valid,constraint_valid,target_valid,duplicate_valid,privacy_valid,raw_row_count,raw_valid_row_count,final_valid_row_count,invalid_format_count,invalid_category_count,invalid_range_count,invalid_constraint_count,invalid_target_count,invalid_duplicate_count,unknown_category_rate,constraint_violation_rate,invalid_row_rate,duplicate_rate,exact_train_duplicate_rate,unique_row_fraction,removed_internal_duplicates,removed_train_duplicates,initial_valid_rows,final_valid_rows,repair_fallback_rows,repair_fallback_fraction,dedup_refill_rows,refill_attempts,repair_reason,repair_source,generation_status,raw_valid_rows,generation_runtime_seconds,majority_baseline_f1,majority_baseline_balanced_accuracy,real_train_f1,real_train_balanced_accuracy,real_train_roc_auc,utility_evaluable,utility_failure_reason,tstr_f1,tstr_balanced_accuracy,tstr_roc_auc,tstr_f1_gain_over_majority,tstr_f1_gap_to_real_train,tstr_f1_relative_to_real_train,numeric_fidelity_distance,categorical_fidelity_distance,target_distribution_distance,target_distribution_tv,correlation_distance,correlation_distance_reason,distribution_distance_mean,ks_mean,tv_mean,target_conditioned_numeric_distance,target_conditioned_categorical_distance,target_conditioned_distribution_distance,target_conditioned_missing_class_count,feature_target_mean_dependency_distance,categorical_diversity_mean,numeric_std_ratio,fairness_evaluable,fairness_failure_reason,positive_rate_male,positive_rate_female,adult_demographic_parity_difference,demographic_parity_difference_abs,real_train_adult_demographic_parity_difference,real_train_demographic_parity_difference_abs,real_test_adult_demographic_parity_difference,real_test_demographic_parity_difference_abs,dpd_abs_difference_to_real_train,dpd_abs_difference_to_real_test,validation_runtime_seconds,evaluation_runtime_seconds,generated_rows,runtime_seconds,total_runtime_seconds,raw_generated_rows,primary_only_format_valid,primary_only_schema_valid,primary_only_category_valid,primary_only_range_valid,primary_only_constraint_valid,primary_only_target_valid,primary_only_duplicate_valid,primary_only_privacy_valid,primary_only_raw_row_count,primary_only_raw_valid_row_count,primary_only_final_valid_row_count,primary_only_invalid_format_count,primary_only_invalid_category_count,primary_only_invalid_range_count,primary_only_invalid_constraint_count,primary_only_invalid_target_count,primary_only_invalid_duplicate_count,primary_only_unknown_category_rate,primary_only_constraint_violation_rate,primary_only_invalid_row_rate,primary_only_duplicate_rate,primary_only_exact_train_duplicate_rate,primary_only_unique_row_fraction,primary_only_majority_baseline_f1,primary_only_majority_baseline_balanced_accuracy,primary_only_real_train_f1,primary_only_real_train_balanced_accuracy,primary_only_real_train_roc_auc,primary_only_utility_evaluable,primary_only_utility_failure_reason,primary_only_tstr_balanced_accuracy,primary_only_tstr_roc_auc,primary_only_tstr_f1_gain_over_majority,primary_only_tstr_f1_gap_to_real_train,primary_only_tstr_f1_relative_to_real_train,primary_only_numeric_fidelity_distance,primary_only_categorical_fidelity_distance,primary_only_target_distribution_distance,primary_only_target_distribution_tv,primary_only_correlation_distance,primary_only_correlation_distance_reason,primary_only_ks_mean,primary_only_tv_mean,primary_only_target_conditioned_numeric_distance,primary_only_target_conditioned_categorical_distance,primary_only_target_conditioned_distribution_distance,primary_only_target_conditioned_missing_class_count,primary_only_feature_target_mean_dependency_distance,primary_only_categorical_diversity_mean,primary_only_numeric_std_ratio,primary_only_fairness_evaluable,primary_only_fairness_failure_reason,primary_only_positive_rate_male,primary_only_positive_rate_female,primary_only_adult_demographic_parity_difference,primary_only_demographic_parity_difference_abs,primary_only_real_train_adult_demographic_parity_difference,primary_only_real_train_demographic_parity_difference_abs,primary_only_real_test_adult_demographic_parity_difference,primary_only_real_test_demographic_parity_difference_abs,primary_only_dpd_abs_difference_to_real_train,primary_only_dpd_abs_difference_to_real_test,primary_only_validation_runtime_seconds,primary_only_evaluation_runtime_seconds,repair_attempts
adult,ctgan,100,42,500,success,,True,ctgan,False,,,0,0.0,0,500,0,0.0,0.028266191482543945,0,0,0,,,,,,,,,,,,,,,,,,,,,,,,,50.0,2500.0,2495.0,0.998,5.0,0.0,0.0,,True,schema_normalization,0.998,1.0,,False,ctgan,ctgan_postprocess_fallback,True,True,True,True,True,True,True,True,500,500,500,0,0,0,0,0,0,0.0,0.0,0.0,0.0,0.0,1.0,0,0,2495,500,0,0.0,0,0,,,success,500,1.6992249488830566,0.0,0.5,0.5502318392581144,0.7006162736309056,0.825874651185558,True,,0.03639120545868082,0.488407635352399,0.4454220341697122,0.03639120545868082,0.5138406337994336,0.06613794924653509,0.2853333333333334,0.09466666666666668,0.036000000000000004,0.036000000000000004,0.11035369901044417,,0.13158842475261107,0.2853333333333334,0.09466666666666668,0.29309540133069545,0.19058673352791,0.24184106742930273,0,0.05617964007107062,1.0,0.8611022447143594,True,,0.30584192439862545,0.2583732057416268,0.04746871865699864,0.04746871865699864,0.26881720430107525,0.26881720430107525,0.19669498861107407,0.19669498861107407,0.2213484856440766,0.14922626995407542,0.009931087493896484,0.12132811546325684,500,1.8356170654296875,1.8356170654296875,500,,,,,,,,,,,,,,,,,,,,,,,,,,,,,,,,,,,,,,,,,,,,,,,,,,,,,,,,,,,,,,,,,
adult,ctgan_strong,100,42,500,success,,True,ctgan_strong,False,,,0,0.0,0,500,0,0.0,0.027796030044555664,0,0,0,,,,,,,,,,,,,,,,,,,,,,,,,300.0,2500.0,2485.0,0.994,15.0,0.0,0.0,,True,schema_normalization,0.994,1.0,,False,ctgan_strong,ctgan_strong_postprocess_fallback,True,True,True,True,True,True,True,True,500,500,500,0,0,0,0,0,0,0.0,0.0,0.0,0.0,0.0,1.0,0,0,2485,500,0,0.0,0,0,,,success,500,10.339216232299805,0.0,0.5,0.5502318392581144,0.7006162736309056,0.825874651185558,True,,0.12107788851974899,0.517051716998062,0.5507203582666778,0.12107788851974899,0.4291539507383654,0.220048859191791,0.27266666666666667,0.06266666666666666,0.028000000000000025,0.028000000000000025,0.1431072155625442,,0.12661013722396938,0.27266666666666667,0.06266666666666666,0.32726510204578724,0.164404432132964,0.24583476708937563,0,0.08135196927170252,1.0,0.9223521583766977,True,,0.273015873015873,0.2864864864864865,-0.013470613470613513,0.013470613470613513,0.26881720430107525,0.26881720430107525,0.19669498861107407,0.19669498861107407,0.25534659083046174,0.18322437514046055,0.009891748428344727,0.12022805213928223,500,10.473682880401611,10.473682880401611,500,,,,,,,,,,,,,,,,,,,,,,,,,,,,,,,,,,,,,,,,,,,,,,,,,,,,,,,,,,,,,,,,,
adult,direct_icl,100,42,500,success,,True,llm_direct_rows,True,insufficient_valid_direct_icl_rows,validation_refill,169,0.338,169,331,169,0.338,0.2573587894439697,24,24,0,llama3.2:3b,0.5,0.9,2200.0,,,,,,,,,,,,331.0,516.0,0.6414728682170543,331.0,0.662,0.5411224343332854,0.20012819948224933,0.0,6.0,,,,,,,,,,,,,,False,direct_icl_primary_valid,direct_icl_repair_fallback,True,True,True,True,True,True,True,True,500,500,500,0,0,0,0,0,0,0.0,0.0,0.0,0.0,0.0,1.0,0,0,331,500,169,0.338,169,1,direct_icl_refill,direct_icl_repair_fallback,success,500,495.15478801727295,0.0,0.5,0.5502318392581144,0.7006162736309056,0.825874651185558,True,,0.5114546470478674,0.6769233585957921,0.7475585202552065,0.5114546470478674,0.038777192210247,0.9295257208987927,0.15,0.14300000000000002,0.22399999999999998,0.22399999999999998,0.0690915079781296,,0.1465228769945324,0.15,0.14300000000000002,0.18875733316220392,0.2079516345531651,0.1983544838576845,0,0.022012222604670947,1.0,0.9477214441611771,True,,0.5120481927710844,0.39880952380952384,0.11323866896156054,0.11323866896156054,0.26881720430107525,0.26881720430107525,0.19669498861107407,0.19669498861107407,0.1555785353395147,0.08345631964951353,0.01924300193786621,0.21030807495117188,500,495.3884541988373,495.3884541988373,500,True,True,True,True,True,True,True,True,331.0,331.0,331.0,0.0,0.0,0.0,0.0,0.0,0.0,0.0,0.0,0.0,0.0,0.0,1.0,0.0,0.5,0.5502318392581144,0.7006162736309056,0.825874651185558,True,,0.7105732168185795,0.7866629876350639,0.5411224343332854,0.009109404924828923,0.9834444241956058,0.1686002014098691,0.20544813695871098,0.34214501510574014,0.34214501510574014,0.08431944445467712,,0.1686002014098691,0.20544813695871098,0.18568027210884352,0.2538397581254724,0.21976001511715795,0.0,0.017002694221470705,0.9166666666666666,0.9519841609860858,True,,0.6497695852534562,0.4824561403508772,0.167313444902579,0.167313444902579,0.26881720430107525,0.26881720430107525,0.19669498861107407,0.19669498861107407,0.10150375939849626,0.029381543708495078,0.01635575294494629,0.20357513427734375,
adult,code_llm,100,42,500,success,,True,llm_generated_code,False,,,0,0.0,0,500,0,0.0,0.03415179252624512,1,1,0,llama3.2:3b,0.1,0.9,1800.0,code_llm_v2_scaffolded,Code-LLM-v2,True,True,True,True,False,False,,,500.0,500.0,500.0,1.0,,,,,,,,,,,,,,,,,,,data/generated_code/code_llm_adult_100_seed42.py,False,code_llm_sampler,code_llm_postprocess_fallback,True,True,True,True,True,True,True,True,500,500,500,0,0,0,0,0,0,0.0,0.0,0.0,0.0,0.0,1.0,0,0,500,500,0,0.0,0,0,,,success,500,16.43576407432556,0.0,0.5,0.5502318392581144,0.7006162736309056,0.825874651185558,True,,0.09329674637397099,0.5153617804354277,0.61163478776929,0.09329674637397099,0.45693509288414336,0.1695589744493237,0.146,0.04466666666666667,0.0020000000000000018,0.0020000000000000018,0.13740330366050368,,0.08251749258179258,0.146,0.04466666666666667,0.2657490875137934,0.1471214950626715,0.20643529128823246,0,0.051381957428249914,1.0,0.8556240306257092,True,,0.2777777777777778,0.1962025316455696,0.08157524613220818,0.08157524613220818,0.26881720430107525,0.26881720430107525,0.19669498861107407,0.19669498861107407,0.18724195816886707,0.11511974247886589,0.0168759822845459,0.19759678840637207,500,16.658004999160767,16.658004999160767,500,,,,,,,,,,,,,,,,,,,,,,,,,,,,,,,,,,,,,,,,,,,,,,,,,,,,,,,,,,,,,,,,,0.0
adult,fallback_only,100,42,500,success,,True,schema_independent_fallback,True,fallback_only_baseline,baseline,500,1.0,500,0,0,0.0,0.0366520881652832,0,0,0,,,,,,,,,,,,,,,,,,,,,,,,,,,,,,,,500.0,,,1.0,,,False,none,fallback_only,True,True,True,True,True,True,True,True,500,500,500,0,0,0,0,0,0,0.0,0.0,0.0,0.0,0.0,1.0,0,0,500,500,0,0.0,0,0,,,success,500,0.2992279529571533,0.0,0.5,0.5502318392581144,0.7006162736309056,0.825874651185558,True,,0.006433453960595094,0.4876678236685603,0.317529729703749,0.006433453960595094,0.5437983852975192,0.011692260428384905,0.134,0.05433333333333335,0.006000000000000005,0.006000000000000005,0.12581091161697527,,0.08003606123757716,0.134,0.05433333333333335,0.2445427472749877,0.18944661288923584,0.21699468008211176,0,0.0477330459214786,1.0,0.8587578928909231,True,,0.24347826086956523,0.24516129032258063,-0.0016830294530154055,0.0016830294530154055,0.26881720430107525,0.26881720430107525,0.19669498861107407,0.19669498861107407,0.26713417484805985,0.19501195915805866,0.017275094985961914,0.20079302787780762,500,0.5251541137695312,0.5251541137695312,500,,,,,,,,,,,,,,,,,,,,,,,,,,,,,,,,,,,,,,,,,,,,,,,,,,,,,,,,,,,,,,,,,
adult,ctgan,100,123,500,success,,True,ctgan,False,,,0,0.0,0,500,0,0.0,0.028863191604614258,0,0,0,,,,,,,,,,,,,,,,,,,,,,,,,50.0,2500.0,2458.0,0.9832,42.0,0.0,0.0,,True,schema_normalization,0.9832,1.0,,False,ctgan,ctgan_postprocess_fallback,True,True,True,True,True,True,True,True,500,500,500,0,0,0,0,0,0,0.0,0.0,0.0,0.0,0.0,1.0,0,0,2458,500,0,0.0,0,0,,,success,500,1.8818638324737549,0.0,0.5,0.5554435483870968,0.6992096321988711,0.8382348439792938,True,,0.03708086785009862,0.49555546968618774,0.6317010255163567,0.03708086785009862,0.5183626805369981,0.06675902161034089,0.32266666666666666,0.09366666666666668,0.0,0.0,0.08178545178853186,,0.1245296962804663,0.32266666666666666,0.09366666666666668,0.39111111111111113,0.18177777777777782,0.2864444444444445,0,0.10049832365213968,1.0,0.8642721911965986,True,,0.24915824915824916,0.2512315270935961,-0.0020732779353469233,0.0020732779353469233,0.2220663861617578,0.2220663861617578,0.19669498861107407,0.19669498861107407,0.21999310822641088,0.19462171067572714,0.010432958602905273,0.12122821807861328,500,2.021048069000244,2.021048069000244,500,,,,,,,,,,,,,,,,,,,,,,,,,,,,,,,,,,,,,,,,,,,,,,,,,,,,,,,,,,,,,,,,,
adult,ctgan_strong,100,123,500,success,,True,ctgan_strong,False,,,0,0.0,0,500,0,0.0,0.027901411056518555,0,0,0,,,,,,,,,,,,,,,,,,,,,,,,,300.0,2500.0,2499.0,0.9996,1.0,0.0,0.0,,True,schema_normalization,0.9996,1.0,,False,ctgan_strong,ctgan_strong_postprocess_fallback,True,True,True,True,True,True,True,True,500,500,500,0,0,0,0,0,0,0.0,0.0,0.0,0.0,0.0,1.0,0,0,2499,500,0,0.0,0,0,,,success,500,10.420079946517944,0.0,0.5,0.5554435483870968,0.6992096321988711,0.8382348439792938,True,,0.12681436210847977,0.524206286666466,0.49533434201029947,0.12681436210847977,0.428629186278617,0.22831188241671857,0.22133333333333335,0.061666666666666675,0.006000000000000005,0.006000000000000005,0.1029150848007195,,0.09797877120017988,0.22133333333333335,0.061666666666666675,0.32646572411599734,0.17452655622054528,0.2504961401682713,0,0.08877113802178511,1.0,0.8897735246832573,True,,0.260233918128655,0.2088607594936709,0.051373158634984095,0.051373158634984095,0.2220663861617578,0.2220663861617578,0.19669498861107407,0.19669498861107407,0.1706932275267737,0.14532182997608997,0.009866952896118164,0.11558294296264648,500,10.549938917160034,10.549938917160034,500,,,,,,,,,,,,,,,,,,,,,,,,,,,,,,,,,,,,,,,,,,,,,,,,,,,,,,,,,,,,,,,,,
adult,direct_icl,100,123,500,success,,True,llm_direct_rows,True,insufficient_valid_direct_icl_rows,validation_refill,191,0.382,191,309,191,0.382,0.14450979232788086,23,23,0,llama3.2:3b,0.5,0.9,2200.0,,,,,,,,,,,,309.0,502.0,0.6155378486055777,309.0,0.618,0.5091589784730579,0.21119123093230224,0.0,4.0,,,,,,,,,,,,,,False,direct_icl_primary_valid,direct_icl_repair_fallback,True,True,True,True,True,True,True,True,500,500,500,0,0,0,0,0,0,0.0,0.0,0.0,0.0,0.0,1.0,0,0,309,500,191,0.382,191,1,direct_icl_refill,direct_icl_repair_fallback,success,500,580.4701182842255,0.0,0.5,0.5554435483870968,0.6992096321988711,0.8382348439792938,True,,0.41946748144914886,0.6138143483750326,0.6714742199217664,0.41946748144914886,0.1359760669379479,0.7551937234075421,0.13466666666666668,0.15333333333333332,0.214,0.214,0.058669712472334684,,0.14016742811808366,0.13466666666666668,0.15333333333333332,0.17678232401212332,0.21752823526047924,0.19715527963630128,0,0.04111862401270362,1.0,0.9704529191370567,True,,0.4909090909090909,0.4117647058823529,0.07914438502673798,0.07914438502673798,0.2220663861617578,0.2220663861617578,0.19669498861107407,0.19669498861107407,0.14292200113501982,0.11755060358433608,0.009773969650268555,0.1135401725769043,500,580.5975570678711,580.5975570678711,500,True,True,True,True,True,True,True,True,309.0,309.0,309.0,0.0,0.0,0.0,0.0,0.0,0.0,0.0,0.0,0.0,0.0,0.0,1.0,0.0,0.5,0.5554435483870968,0.6992096321988711,0.8382348439792938,True,,0.6791266351684896,0.7638231201206769,0.5091589784730579,0.04628456991403884,0.9166709739478647,0.16470334412081986,0.22588996763754043,0.3648867313915858,0.3648867313915858,0.08928488057926283,,0.16470334412081986,0.22588996763754043,0.17865890215735417,0.2761030026045506,0.2273809523809524,0.0,0.03404983422283665,0.9428571428571427,0.9222913916953325,True,,0.6780487804878049,0.49038461538461536,0.18766416510318956,0.18766416510318956,0.2220663861617578,0.2220663861617578,0.19669498861107407,0.19669498861107407,0.034402221058568244,0.009030823507884506,0.009191036224365234,0.11717009544372559,
adult,code_llm,100,123,500,success,,True,llm_generated_code,False,,,0,0.0,0,500,0,0.0,0.019822120666503906,1,1,0,llama3.2:3b,0.1,0.9,1800.0,code_llm_v2_scaffolded,Code-LLM-v2,True,True,True,True,False,False,,,500.0,500.0,500.0,1.0,,,,,,,,,,,,,,,,,,,data/generated_code/code_llm_adult_100_seed123.py,False,code_llm_sampler,code_llm_postprocess_fallback,True,True,True,True,True,True,True,True,500,500,500,0,0,0,0,0,0,0.0,0.0,0.0,0.0,0.0,1.0,0,0,500,500,0,0.0,0,0,,,success,500,15.469762086868286,0.0,0.5,0.5554435483870968,0.6992096321988711,0.8382348439792938,True,,0.000855431993156544,0.4963910938765247,0.42267462730516037,0.000855431993156544,0.5545881163939402,0.0015400880893126892,0.13533333333333333,0.05000000000000001,0.02800000000000001,0.02800000000000001,0.0995590950320357,,0.07822310709134227,0.13533333333333333,0.05000000000000001,0.23001273767340602,0.19013818445695052,0.21007546106517827,0,0.0605943308681425,1.0,0.9128278138571023,True,,0.21511627906976744,0.23717948717948717,-0.022063208109719734,0.022063208109719734,0.2220663861617578,0.2220663861617578,0.19669498861107407,0.19669498861107407,0.20000317805203807,0.17463178050135433,0.010083913803100586,0.11291003227233887,500,15.597477912902832,15.597477912902832,500,,,,,,,,,,,,,,,,,,,,,,,,,,,,,,,,,,,,,,,,,,,,,,,,,,,,,,,,,,,,,,,,,0.0
adult,fallback_only,100,123,500,success,,True,schema_independent_fallback,True,fallback_only_baseline,baseline,500,1.0,500,0,0,0.0,0.020657062530517578,0,0,0,,,,,,,,,,,,,,,,,,,,,,,,,,,,,,,,500.0,,,1.0,,,False,none,fallback_only,True,True,True,True,True,True,True,True,500,500,500,0,0,0,0,0,0,0.0,0.0,0.0,0.0,0.0,1.0,0,0,500,500,0,0.0,0,0,,,success,500,0.16984295845031738,0.0,0.5,0.5554435483870968,0.6992096321988711,0.8382348439792938,True,,0.009310198899703767,0.49749689036241285,0.48771348481027105,0.009310198899703767,0.546133349487393,0.01676173740200751,0.12733333333333333,0.06100000000000002,0.0020000000000000018,0.0020000000000000018,0.09827233859885048,,0.07215141798304596,0.12733333333333333,0.06100000000000002,0.22746173216761453,0.18650906827377411,0.20698540022069434,0,0.05546283997927121,1.0,0.8893586475435639,True,,0.26744186046511625,0.21794871794871795,0.0494931425163983,0.0494931425163983,0.2220663861617578,0.2220663861617578,0.19669498861107407,0.19669498861107407,0.1725732436453595,0.14720184609467576,0.009970903396606445,0.11663293838500977,500,0.3004150390625,0.3004150390625,500,,,,,,,,,,,,,,,,,,,,,,,,,,,,,,,,,,,,,,,,,,,,,,,,,,,,,,,,,,,,,,,,,
adult,ctgan,100,2025,500,success,,True,ctgan,False,,,0,0.0,0,500,0,0.0,0.027904987335205078,0,0,0,,,,,,,,,,,,,,,,,,,,,,,,,50.0,2500.0,2492.0,0.9968,8.0,0.0,0.0,,True,schema_normalization,0.9968,1.0,,False,ctgan,ctgan_postprocess_fallback,True,True,True,True,True,True,True,True,500,500,500,0,0,0,0,0,0,0.0,0.0,0.0,0.0,0.0,1.0,0,0,2492,500,0,0.0,0,0,,,success,500,1.8577139377593994,0.0,0.5,0.5381235461359525,0.6886003418134885,0.8298244031861105,True,,0.015618577887381833,0.49477037631610965,0.47048158970592957,0.015618577887381833,0.5225049682485706,0.02902414882146028,0.34933333333333333,0.07933333333333333,0.010000000000000009,0.010000000000000009,0.06007045226652825,,0.12468427973329872,0.34933333333333333,0.07933333333333333,0.419327485380117,0.17760233918128654,0.29846491228070177,0,0.11267962592390957,1.0,0.9805664611559634,True,,0.23140495867768596,0.26277372262773724,-0.03136876395005128,0.03136876395005128,0.12993762993762992,0.12993762993762992,0.19669498861107407,0.19669498861107407,0.09856886598757864,0.16532622466102279,0.00992894172668457,0.1201169490814209,500,1.9921631813049316,1.9921631813049316,500,,,,,,,,,,,,,,,,,,,,,,,,,,,,,,,,,,,,,,,,,,,,,,,,,,,,,,,,,,,,,,,,,
adult,ctgan_strong,100,2025,500,success,,True,ctgan_strong,False,,,0,0.0,0,500,0,0.0,0.02783989906311035,0,0,0,,,,,,,,,,,,,,,,,,,,,,,,,300.0,2500.0,2498.0,0.9992,2.0,0.0,0.0,,True,schema_normalization,0.9992,1.0,,False,ctgan_strong,ctgan_strong_postprocess_fallback,True,True,True,True,True,True,True,True,500,500,500,0,0,0,0,0,0,0.0,0.0,0.0,0.0,0.0,1.0,0,0,2498,500,0,0.0,0,0,,,success,500,10.49886703491211,0.0,0.5,0.5381235461359525,0.6886003418134885,0.8298244031861105,True,,0.08468809073724008,0.5065348556412254,0.6193353306182872,0.08468809073724008,0.4534354553987124,0.15737666813755133,0.29133333333333333,0.06866666666666665,0.032,0.032,0.06341739544239013,,0.11385434886059753,0.29133333333333333,0.06866666666666665,0.3674013051752636,0.158977985868284,0.2631896455217738,0,0.09798070804448598,1.0,0.8714439705392416,True,,0.3005050505050505,0.21153846153846154,0.08896658896658896,0.08896658896658896,0.12993762993762992,0.12993762993762992,0.19669498861107407,0.19669498861107407,0.040971040971040956,0.1077283996444851,0.00987696647644043,0.11994338035583496,500,10.632848739624023,10.632848739624023,500,,,,,,,,,,,,,,,,,,,,,,,,,,,,,,,,,,,,,,,,,,,,,,,,,,,,,,,,,,,,,,,,,
adult,direct_icl,100,2025,500,success,,True,llm_direct_rows,True,insufficient_valid_direct_icl_rows,validation_refill,218,0.436,218,282,218,0.436,0.18143701553344727,23,23,0,llama3.2:3b,0.5,0.9,2200.0,,,,,,,,,,,,282.0,507.0,0.5562130177514792,282.0,0.564,0.5358255451713395,0.18138594522006382,0.0,7.0,,,,,,,,,,,,,,False,direct_icl_primary_valid,direct_icl_repair_fallback,True,True,True,True,True,True,True,True,500,500,500,0,0,0,0,0,0,0.0,0.0,0.0,0.0,0.0,1.0,0,0,282,500,218,0.436,218,1,direct_icl_refill,direct_icl_repair_fallback,success,500,631.4838070869446,0.0,0.5,0.5381235461359525,0.6886003418134885,0.8298244031861105,True,,0.4679133021674458,0.6456179027597291,0.7482179506217125,0.4679133021674458,0.07021024396850667,0.8695276494168337,0.11,0.12899999999999998,0.19999999999999998,0.19999999999999998,0.05371456505692697,,0.12317864126423173,0.11,0.12899999999999998,0.16936026936026935,0.1932996632996633,0.18132996632996634,0,0.02246856663425482,1.0,0.8992731601722795,True,,0.5029940119760479,0.3433734939759036,0.15962051800014426,0.15962051800014426,0.12993762993762992,0.12993762993762992,0.19669498861107407,0.19669498861107407,0.029682888062514345,0.037074470610929805,0.011454105377197266,0.1385331153869629,500,631.6378419399261,631.6378419399261,500,True,True,True,True,True,True,True,True,282.0,282.0,282.0,0.0,0.0,0.0,0.0,0.0,0.0,0.0,0.0,0.0,0.0,0.0,1.0,0.0,0.5,0.5381235461359525,0.6886003418134885,0.8298244031861105,True,,0.7076041991048392,0.7847464845347863,0.5358255451713395,0.0022980009646129673,0.9957296033947706,0.13520094562647753,0.19729314420803779,0.3280141843971631,0.3280141843971631,0.06503550664857684,,0.13520094562647753,0.19729314420803779,0.1823316320393188,0.24820281486827858,0.21526722345379867,0.0,0.02193453520632971,0.9442501942501943,0.8626670633780074,True,,0.6914285714285714,0.3925233644859813,0.2989052069425901,0.2989052069425901,0.12993762993762992,0.12993762993762992,0.19669498861107407,0.19669498861107407,0.16896757700496018,0.10221021833151603,0.01173090934753418,0.15209293365478516,
adult,code_llm,100,2025,500,success,,True,llm_generated_code,False,,,0,0.0,0,500,0,0.0,0.019942045211791992,1,1,0,llama3.2:3b,0.1,0.9,1800.0,code_llm_v2_scaffolded,Code-LLM-v2,True,True,True,True,False,False,,,500.0,500.0,500.0,1.0,,,,,,,,,,,,,,,,,,,data/generated_code/code_llm_adult_100_seed2025.py,False,code_llm_sampler,code_llm_postprocess_fallback,True,True,True,True,True,True,True,True,500,500,500,0,0,0,0,0,0,0.0,0.0,0.0,0.0,0.0,1.0,0,0,500,500,0,0.0,0,0,,,success,500,18.031254053115845,0.0,0.5,0.5381235461359525,0.6886003418134885,0.8298244031861105,True,,0.05326674989596338,0.5100382415223956,0.5669869186520831,0.05326674989596338,0.4848567962399891,0.09898609766929986,0.1366666666666667,0.04699999999999999,0.008000000000000007,0.008000000000000007,0.06471243532526645,,0.06409477549798329,0.1366666666666667,0.04699999999999999,0.2412638514525307,0.1649447334879542,0.20310429247024245,0,0.04277452766131165,1.0,0.8499174029667568,True,,0.256198347107438,0.26277372262773724,-0.0065753755202992425,0.0065753755202992425,0.12993762993762992,0.12993762993762992,0.19669498861107407,0.19669498861107407,0.12336225441733067,0.19011961309077482,0.010185956954956055,0.11750388145446777,500,18.164777040481567,18.164777040481567,500,,,,,,,,,,,,,,,,,,,,,,,,,,,,,,,,,,,,,,,,,,,,,,,,,,,,,,,,,,,,,,,,,0.0
adult,fallback_only,100,2025,500,success,,True,schema_independent_fallback,True,fallback_only_baseline,baseline,500,1.0,500,0,0,0.0,0.023047924041748047,0,0,0,,,,,,,,,,,,,,,,,,,,,,,,,,,,,,,,500.0,,,1.0,,,False,none,fallback_only,True,True,True,True,True,True,True,True,500,500,500,0,0,0,0,0,0,0.0,0.0,0.0,0.0,0.0,1.0,0,0,500,500,0,0.0,0,0,,,success,500,0.18557381629943848,0.0,0.5,0.5381235461359525,0.6886003418134885,0.8298244031861105,True,,0.016908212560386472,0.4916692764770747,0.41354613027515835,0.016908212560386472,0.521215333575566,0.03142068895107361,0.12466666666666666,0.054,0.0040000000000000036,0.0040000000000000036,0.06508599510038976,,0.06193816544176411,0.12466666666666666,0.054,0.26136148311085233,0.16046156721514165,0.210911525162997,0,0.04813501059711017,1.0,0.8518503527300618,True,,0.25271739130434784,0.22727272727272727,0.025444664031620573,0.025444664031620573,0.12993762993762992,0.12993762993762992,0.19669498861107407,0.19669498861107407,0.10449296590600934,0.1712503245794535,0.011181116104125977,0.13279294967651367,500,0.3337099552154541,0.3337099552154541,500,,,,,,,,,,,,,,,,,,,,,,,,,,,,,,,,,,,,,,,,,,,,,,,,,,,,,,,,,,,,,,,,,
adult,ctgan,500,42,500,success,,True,ctgan,False,,,0,0.0,0,500,0,0.0,0.030358076095581055,0,0,0,,,,,,,,,,,,,,,,,,,,,,,,,50.0,2500.0,2495.0,0.998,5.0,0.0,0.0,,True,schema_normalization,0.998,1.0,,False,ctgan,ctgan_postprocess_fallback,True,True,True,True,True,True,True,True,500,500,500,0,0,0,0,0,0,0.0,0.0,0.0,0.0,0.0,1.0,0,0,2495,500,0,0.0,0,0,,,success,500,7.450066328048706,0.0,0.5,0.5644329896907216,0.7035272979001187,0.867879549702722,True,,0.03026481715006305,0.5036197522256961,0.5986638613945292,0.03026481715006305,0.5341681725406586,0.053619858695088875,0.3106666666666667,0.11200000000000003,0.038000000000000006,0.038000000000000006,0.06732197333090764,,0.1319971599993936,0.3106666666666667,0.11200000000000003,0.31860399162520764,0.17475812140766322,0.24668105651643543,0,0.09912245167838678,1.0,0.7897188731943071,True,,0.27906976744186046,0.2964824120603015,-0.017412644618441053,0.017412644618441053,0.19255183327039616,0.19255183327039616,0.19669498861107407,0.19669498861107407,0.1751391886519551,0.17928234399263301,0.010992050170898438,0.12353110313415527,500,7.58976411819458,7.58976411819458,500,,,,,,,,,,,,,,,,,,,,,,,,,,,,,,,,,,,,,,,,,,,,,,,,,,,,,,,,,,,,,,,,,
adult,ctgan_strong,500,42,500,success,,True,ctgan_strong,False,,,0,0.0,0,500,0,0.0,0.030756235122680664,0,0,0,,,,,,,,,,,,,,,,,,,,,,,,,300.0,2500.0,2468.0,0.9872,32.0,0.0,0.0,,True,schema_normalization,0.9872,1.0,,False,ctgan_strong,ctgan_strong_postprocess_fallback,True,True,True,True,True,True,True,True,500,500,500,0,0,0,0,0,0,0.0,0.0,0.0,0.0,0.0,1.0,0,0,2468,500,0,0.0,0,0,,,success,500,11.93971300125122,0.0,0.5,0.5644329896907216,0.7035272979001187,0.867879549702722,True,,0.045454545454545456,0.4946435117035451,0.4080365633173313,0.045454545454545456,0.5189784442361762,0.0805313408053134,0.3253333333333333,0.060000000000000005,0.07199999999999998,0.07199999999999998,0.07879930569101802,,0.13403315975608782,0.3253333333333333,0.060000000000000005,0.40493358633776094,0.15501786507327708,0.279975725705519,0,0.10521337217431957,0.9895833333333334,0.9358757712300814,True,,0.3303834808259587,0.2981366459627329,0.03224683486322577,0.03224683486322577,0.19255183327039616,0.19255183327039616,0.19669498861107407,0.19669498861107407,0.16030499840717038,0.1644481537478483,0.011159896850585938,0.11975908279418945,500,12.075438022613525,12.075438022613525,500,,,,,,,,,,,,,,,,,,,,,,,,,,,,,,,,,,,,,,,,,,,,,,,,,,,,,,,,,,,,,,,,,
adult,direct_icl,500,42,500,success,,True,llm_direct_rows,True,insufficient_valid_direct_icl_rows,validation_refill,241,0.482,241,259,241,0.482,0.1948080062866211,23,23,0,llama3.2:3b,0.5,0.9,2200.0,,,,,,,,,,,,259.0,505.0,0.5128712871287129,259.0,0.518,0.5390946502057613,0.15271767335874287,0.0,0.0,,,,,,,,,,,,,,False,direct_icl_primary_valid,direct_icl_repair_fallback,True,True,True,True,True,True,True,True,500,500,500,0,0,0,0,0,0,0.0,0.0,0.0,0.0,0.0,1.0,0,0,259,500,241,0.482,241,1,direct_icl_refill,direct_icl_repair_fallback,success,500,643.6785500049591,0.0,0.5,0.5644329896907216,0.7035272979001187,0.867879549702722,True,,0.4448051948051948,0.6327322906234276,0.7151660509790837,0.4448051948051948,0.11962779488552683,0.7880566921662813,0.10933333333333334,0.09966666666666668,0.134,0.134,0.03165860398871258,,0.09366465099717815,0.10933333333333334,0.09966666666666668,0.1892079030527063,0.1665993400897475,0.1779036215712269,0,0.038339112810762556,0.9657738095238096,0.9613848059709723,True,,0.4115853658536585,0.32558139534883723,0.08600397050482128,0.08600397050482128,0.19255183327039616,0.19255183327039616,0.19669498861107407,0.19669498861107407,0.10654786276557487,0.11069101810625279,0.011842012405395508,0.13173413276672363,500,643.8264510631561,643.8264510631561,500,True,True,True,True,True,True,True,True,259.0,259.0,259.0,0.0,0.0,0.0,0.0,0.0,0.0,0.0,0.0,0.0,0.0,0.0,1.0,0.0,0.5,0.5644329896907216,0.7035272979001187,0.867879549702722,True,,0.704458987567268,0.7814600839406097,0.5390946502057613,0.025338339484960337,0.9551083300449105,0.1387258687258687,0.1764942084942085,0.26165250965250963,0.26165250965250963,0.033998106562384674,,0.1387258687258687,0.1764942084942085,0.18220355648749123,0.22547102546386477,0.203837290975678,0.0,0.02881142589090589,0.9092032967032967,0.884924461261544,True,,0.5654761904761905,0.4065934065934066,0.15888278388278387,0.15888278388278387,0.19255183327039616,0.19255183327039616,0.19669498861107407,0.19669498861107407,0.03366904938761228,0.037812204728290194,0.011454105377197266,0.13165497779846191,
adult,code_llm,500,42,500,success,,True,llm_generated_code,False,,,0,0.0,0,500,0,0.0,0.02578115463256836,1,1,0,llama3.2:3b,0.1,0.9,1800.0,code_llm_v2_scaffolded,Code-LLM-v2,True,True,True,True,False,False,,,500.0,500.0,500.0,1.0,,,,,,,,,,,,,,,,,,,data/generated_code/code_llm_adult_500_seed42.py,False,code_llm_sampler,code_llm_postprocess_fallback,True,True,True,True,True,True,True,True,500,500,500,0,0,0,0,0,0,0.0,0.0,0.0,0.0,0.0,1.0,0,0,500,500,0,0.0,0,0,,,success,500,17.437515020370483,0.0,0.5,0.5644329896907216,0.7035272979001187,0.867879549702722,True,,0.10526315789473684,0.511441151642296,0.5535256093232714,0.10526315789473684,0.4591698317959848,0.1864936313386205,0.11666666666666665,0.024666666666666674,0.0,0.0,0.09340456072151657,,0.058684473513712476,0.11666666666666665,0.024666666666666674,0.26595744680851063,0.13964195836193088,0.20279970258522076,0,0.056122926272078016,0.9633699633699634,0.9577879538946638,True,,0.2796352583586626,0.1871345029239766,0.092500755434686,0.092500755434686,0.19255183327039616,0.19255183327039616,0.19669498861107407,0.19669498861107407,0.10005107783571016,0.10419423317638807,0.013525009155273438,0.1407160758972168,500,17.597345113754272,17.597345113754272,500,,,,,,,,,,,,,,,,,,,,,,,,,,,,,,,,,,,,,,,,,,,,,,,,,,,,,,,,,,,,,,,,,0.0
adult,fallback_only,500,42,500,success,,True,schema_independent_fallback,True,fallback_only_baseline,baseline,500,1.0,500,0,1,0.002,0.054299116134643555,0,0,0,,,,,,,,,,,,,,,,,,,,,,,,,,,,,,,,500.0,,,1.0,,,False,none,fallback_only,True,True,True,True,True,True,True,True,500,500,500,0,0,0,0,0,0,0.0,0.0,0.0,0.0,0.0,1.0,0,1,499,500,1,0.002,1,1,fallback_only_refill,fallback_only,success,500,0.2530391216278076,0.0,0.5,0.5644329896907216,0.7035272979001187,0.867879549702722,True,,0.008329862557267805,0.4944612782134629,0.41770698600289957,0.008329862557267805,0.5561031271334539,0.014757930010136568,0.102,0.03,0.013999999999999999,0.013999999999999999,0.07289467431643114,,0.05472366857910779,0.102,0.03,0.21859863263577842,0.16230385855040447,0.19045124559309146,0,0.042657327194652365,1.0,0.9502771683532414,True,,0.23423423423423423,0.23353293413173654,0.0007013001024976928,0.0007013001024976928,0.19255183327039616,0.19255183327039616,0.19669498861107407,0.19669498861107407,0.19185053316789846,0.19599368850857637,0.015259742736816406,0.15966486930847168,500,0.4332602024078369,0.4332602024078369,500,,,,,,,,,,,,,,,,,,,,,,,,,,,,,,,,,,,,,,,,,,,,,,,,,,,,,,,,,,,,,,,,,
adult,ctgan,500,123,500,success,,True,ctgan,False,,,0,0.0,0,500,0,0.0,0.030277013778686523,0,0,0,,,,,,,,,,,,,,,,,,,,,,,,,50.0,2500.0,2495.0,0.998,5.0,0.0,0.0,,True,schema_normalization,0.998,1.0,,False,ctgan,ctgan_postprocess_fallback,True,True,True,True,True,True,True,True,500,500,500,0,0,0,0,0,0,0.0,0.0,0.0,0.0,0.0,1.0,0,0,2495,500,0,0.0,0,0,,,success,500,6.893142938613892,0.0,0.5,0.6072701354240913,0.7330440322658576,0.874468288020869,True,,0.02092050209205021,0.4996227896402585,0.5521979578718417,0.02092050209205021,0.586349633332041,0.034450075628106154,0.24,0.10066666666666664,0.03200000000000003,0.03200000000000003,0.10731766587896382,,0.11999608313640761,0.24,0.10066666666666664,0.29549597273516287,0.16864278179051687,0.23206937726283988,0,0.06805357199459831,1.0,0.8312168587348477,True,,0.2678062678062678,0.3087248322147651,-0.04091856440849728,0.04091856440849728,0.20527056036716262,0.20527056036716262,0.19669498861107407,0.19669498861107407,0.16435199595866534,0.15577642420257679,0.01165008544921875,0.11951494216918945,500,7.030518054962158,7.030518054962158,500,,,,,,,,,,,,,,,,,,,,,,,,,,,,,,,,,,,,,,,,,,,,,,,,,,,,,,,,,,,,,,,,,
adult,ctgan_strong,500,123,500,success,,True,ctgan_strong,False,,,0,0.0,0,500,0,0.0,0.03015279769897461,0,0,0,,,,,,,,,,,,,,,,,,,,,,,,,300.0,2500.0,2495.0,0.998,5.0,0.0,0.0,,True,schema_normalization,0.998,1.0,,False,ctgan_strong,ctgan_strong_postprocess_fallback,True,True,True,True,True,True,True,True,500,500,500,0,0,0,0,0,0,0.0,0.0,0.0,0.0,0.0,1.0,0,0,2495,500,0,0.0,0,0,,,success,500,11.903521060943604,0.0,0.5,0.6072701354240913,0.7330440322658576,0.874468288020869,True,,0.03244058845718597,0.48601304997959793,0.5726162670536775,0.03244058845718597,0.5748295469669052,0.0534203586918215,0.27066666666666667,0.06733333333333334,0.04400000000000001,0.04400000000000001,0.08050565158279967,,0.11562641289569991,0.27066666666666667,0.06733333333333334,0.35547167973811106,0.15656203526450824,0.25601685750130965,0,0.10452912809890887,1.0,0.8720400330824107,True,,0.2905982905982906,0.2953020134228188,-0.004703722824528189,0.004703722824528189,0.20527056036716262,0.20527056036716262,0.19669498861107407,0.19669498861107407,0.20056683754263444,0.19199126578654588,0.010988950729370117,0.1181480884552002,500,12.037330865859985,12.037330865859985,500,,,,,,,,,,,,,,,,,,,,,,,,,,,,,,,,,,,,,,,,,,,,,,,,,,,,,,,,,,,,,,,,,
adult,direct_icl,500,123,500,success,,True,llm_direct_rows,True,insufficient_valid_direct_icl_rows,validation_refill,192,0.384,192,308,192,0.384,0.16234183311462402,24,24,0,llama3.2:3b,0.5,0.9,2200.0,,,,,,,,,,,,308.0,506.0,0.6086956521739131,308.0,0.616,0.5450333832947268,0.18873295174659332,0.0,18.0,,,,,,,,,,,,,,False,direct_icl_primary_valid,direct_icl_repair_fallback,True,True,True,True,True,True,True,True,500,500,500,0,0,0,0,0,0,0.0,0.0,0.0,0.0,0.0,1.0,0,0,308,500,192,0.384,192,1,direct_icl_refill,direct_icl_repair_fallback,success,500,680.5415921211243,0.0,0.5,0.6072701354240913,0.7330440322658576,0.874468288020869,True,,0.5558370687975054,0.7095427106224512,0.7835539824737107,0.5558370687975054,0.051433066626585866,0.9153044689235916,0.14266666666666666,0.12966666666666668,0.19199999999999998,0.19199999999999998,0.045288266422916564,,0.12740539993906247,0.14266666666666666,0.12966666666666668,0.14050523372760848,0.18040585158378572,0.16045554265569711,0,0.021456766533799142,1.0,0.9456810175371874,True,,0.4728434504792332,0.3850267379679144,0.08781671251131878,0.08781671251131878,0.20527056036716262,0.20527056036716262,0.19669498861107407,0.19669498861107407,0.11745384785584384,0.10887827609975528,0.011772871017456055,0.12896513938903809,500,680.6868171691895,680.6868171691895,500,True,True,True,True,True,True,True,True,308.0,308.0,308.0,0.0,0.0,0.0,0.0,0.0,0.0,0.0,0.0,0.0,0.0,0.0,1.0,0.0,0.5,0.6072701354240913,0.7330440322658576,0.874468288020869,True,,0.7171870308191204,0.8121892734009557,0.5450333832947268,0.062236752129364414,0.8975138929137344,0.1783116883116883,0.20302164502164502,0.3266753246753247,0.3266753246753247,0.04692314897771535,,0.1783116883116883,0.20302164502164502,0.16083111979938666,0.24265684897254994,0.2017439843859683,0.0,0.0207869079128537,0.9220238095238096,0.8959010347872943,True,,0.6648936170212766,0.43333333333333335,0.23156028368794324,0.23156028368794324,0.20527056036716262,0.20527056036716262,0.19669498861107407,0.19669498861107407,0.02628972332078061,0.03486529507686917,0.012091875076293945,0.13417911529541016,
adult,code_llm,500,123,500,success,,True,llm_generated_code,True,,,1,0.002,1,499,1,0.002,0.03854179382324219,1,1,0,llama3.2:3b,0.1,0.9,1800.0,code_llm_v2_scaffolded,Code-LLM-v2,True,True,True,True,False,True,,,500.0,499.0,500.0,0.998,,,,,,,,,,,,,,,,,,,data/generated_code/code_llm_adult_500_seed123.py,False,code_llm_sampler,code_llm_postprocess_fallback,True,True,True,True,True,True,True,True,500,500,500,0,0,0,0,0,0,0.0,0.0,0.0,0.0,0.0,1.0,0,0,499,500,1,0.002,1,1,code_llm_refill,code_llm_fallback,success,500,17.56538701057434,0.0,0.5,0.6072701354240913,0.7330440322658576,0.874468288020869,True,,0.017587939698492462,0.49860268684830106,0.46599193581232434,0.017587939698492462,0.5896821957255988,0.028962299761719393,0.11666666666666665,0.034,0.03800000000000002,0.03800000000000002,0.08258024229863313,,0.06781172724132496,0.11666666666666665,0.034,0.22998627247452216,0.14944691876385663,0.1897165956191894,0,0.05116831733430219,1.0,0.9246964290819407,True,,0.20175438596491227,0.22784810126582278,-0.02609371530091051,0.02609371530091051,0.20527056036716262,0.20527056036716262,0.19669498861107407,0.19669498861107407,0.17917684506625212,0.17060127331016356,0.011004924774169922,0.11671018600463867,500,17.69838809967041,17.69838809967041,500,,,,,,,,,,,,,,,,,,,,,,,,,,,,,,,,,,,,,,,,,,,,,,,,,,,,,,,,,,,,,,,,,0.0
adult,fallback_only,500,123,500,success,,True,schema_independent_fallback,True,fallback_only_baseline,baseline,500,1.0,500,0,0,0.0,0.025082111358642578,0,0,0,,,,,,,,,,,,,,,,,,,,,,,,,,,,,,,,500.0,,,1.0,,,False,none,fallback_only,True,True,True,True,True,True,True,True,500,500,500,0,0,0,0,0,0,0.0,0.0,0.0,0.0,0.0,1.0,0,0,500,500,0,0.0,0,0,,,success,500,0.19272089004516602,0.0,0.5,0.6072701354240913,0.7330440322658576,0.874468288020869,True,,0.04251905334937826,0.5003356599856363,0.5459772281182576,0.04251905334937826,0.564751082074713,0.07001670404833063,0.12,0.03566666666666667,0.0020000000000000018,0.0020000000000000018,0.08098832248101046,,0.05966374728691928,0.12,0.03566666666666667,0.21699021599447202,0.13963352204340868,0.17831186901894036,0,0.04678074388739451,0.9761904761904763,0.8942224025270135,True,,0.25806451612903225,0.22012578616352202,0.03793872996551023,0.03793872996551023,0.20527056036716262,0.20527056036716262,0.19669498861107407,0.19669498861107407,0.1673318304016524,0.15875625864556384,0.012787342071533203,0.1356496810913086,500,0.3454091548919678,0.3454091548919678,500,,,,,,,,,,,,,,,,,,,,,,,,,,,,,,,,,,,,,,,,,,,,,,,,,,,,,,,,,,,,,,,,,
adult,ctgan,500,2025,500,success,,True,ctgan,False,,,0,0.0,0,500,0,0.0,0.029902935028076172,0,0,0,,,,,,,,,,,,,,,,,,,,,,,,,50.0,2500.0,2459.0,0.9836,41.0,0.0,0.0,,True,schema_normalization,0.9836,1.0,,False,ctgan,ctgan_postprocess_fallback,True,True,True,True,True,True,True,True,500,500,500,0,0,0,0,0,0,0.0,0.0,0.0,0.0,0.0,1.0,0,0,2459,500,0,0.0,0,0,,,success,500,6.9792070388793945,0.0,0.5,0.5998522531396208,0.726264807301128,0.8693637897786333,True,,0.0040683482506102524,0.48888887975384976,0.24552716863228818,0.0040683482506102524,0.5957839048890106,0.0067822505113826915,0.31466666666666665,0.081,0.02800000000000001,0.02800000000000001,0.08965168035985366,,0.1283295867566301,0.31466666666666665,0.081,0.4082774380732514,0.1856027875502824,0.2969401128117669,0,0.1049898421846518,1.0,0.8269697485758072,True,,0.1861198738170347,0.2786885245901639,-0.0925686507731292,0.0925686507731292,0.2145236508994004,0.2145236508994004,0.19669498861107407,0.19669498861107407,0.1219550001262712,0.10412633783794487,0.01101994514465332,0.12337183952331543,500,7.118638038635254,7.118638038635254,500,,,,,,,,,,,,,,,,,,,,,,,,,,,,,,,,,,,,,,,,,,,,,,,,,,,,,,,,,,,,,,,,,
adult,ctgan_strong,500,2025,500,success,,True,ctgan_strong,False,,,0,0.0,0,500,0,0.0,0.029941082000732422,0,0,0,,,,,,,,,,,,,,,,,,,,,,,,,300.0,2500.0,2484.0,0.9936,16.0,0.0,0.0,,True,schema_normalization,0.9936,1.0,,False,ctgan_strong,ctgan_strong_postprocess_fallback,True,True,True,True,True,True,True,True,500,500,500,0,0,0,0,0,0,0.0,0.0,0.0,0.0,0.0,1.0,0,0,2484,500,0,0.0,0,0,,,success,500,11.917694807052612,0.0,0.5,0.5998522531396208,0.726264807301128,0.8693637897786333,True,,0.08763977032336054,0.4681862951814467,0.4403952610565103,0.08763977032336054,0.5122124828162602,0.1461022607894775,0.22399999999999998,0.052,0.06200000000000003,0.06200000000000003,0.10115752696311972,,0.10978938174077993,0.22399999999999998,0.052,0.2950209135308804,0.16657610767940212,0.23079851060514125,0,0.06607960944242733,1.0,0.9614307428462282,True,,0.2994350282485876,0.3356164383561644,-0.036181410107576806,0.036181410107576806,0.2145236508994004,0.2145236508994004,0.19669498861107407,0.19669498861107407,0.1783422407918236,0.16051357850349726,0.010927200317382812,0.12202000617980957,500,12.055177927017212,12.055177927017212,500,,,,,,,,,,,,,,,,,,,,,,,,,,,,,,,,,,,,,,,,,,,,,,,,,,,,,,,,,,,,,,,,,
adult,direct_icl,500,2025,500,success,,True,llm_direct_rows,True,insufficient_valid_direct_icl_rows,validation_refill,220,0.44,220,280,220,0.44,0.26731014251708984,24,24,0,llama3.2:3b,0.5,0.9,2200.0,,,,,,,,,,,,280.0,518.0,0.5405405405405406,280.0,0.56,0.5053777374627446,0.1966941254699472,0.0,0.0,,,,,,,,,,,,,,False,direct_icl_primary_valid,direct_icl_repair_fallback,True,True,True,True,True,True,True,True,500,500,500,0,0,0,0,0,0,0.0,0.0,0.0,0.0,0.0,1.0,0,0,280,500,220,0.44,220,1,direct_icl_refill,direct_icl_repair_fallback,success,500,690.3228659629822,0.0,0.5,0.5998522531396208,0.726264807301128,0.8693637897786333,True,,0.5519044062733384,0.7084316650025436,0.7801934615774773,0.5519044062733384,0.047947846866282395,0.9200672388653642,0.124,0.12400000000000001,0.22199999999999998,0.22199999999999998,0.04893958724193593,,0.12973489681048397,0.124,0.12400000000000001,0.16393155143462704,0.18187895779645433,0.17290525461554068,0,0.0302645979453605,0.9666666666666667,0.9618706072760274,True,,0.49221183800623053,0.4301675977653631,0.06204424024086741,0.06204424024086741,0.2145236508994004,0.2145236508994004,0.19669498861107407,0.19669498861107407,0.152479410658533,0.13465074837020666,0.017918109893798828,0.19526910781860352,500,690.5404260158539,690.5404260158539,500,True,True,True,True,True,True,True,True,280.0,280.0,280.0,0.0,0.0,0.0,0.0,0.0,0.0,0.0,0.0,0.0,0.0,0.0,1.0,0.0,0.5,0.5998522531396208,0.726264807301128,0.8693637897786333,True,,0.6753298669654415,0.769609879300274,0.5053777374627446,0.09447451567687615,0.8425036912299696,0.1589047619047619,0.20742857142857143,0.377,0.377,0.043443168546455385,,0.1589047619047619,0.20742857142857143,0.19997344510899762,0.2449091005654149,0.22244127283720627,0.0,0.03225897751062779,0.9055555555555556,0.9107006835815268,True,,0.6666666666666666,0.5596330275229358,0.10703363914373087,0.10703363914373087,0.2145236508994004,0.2145236508994004,0.19669498861107407,0.19669498861107407,0.10749001175566952,0.0896613494673432,0.01783609390258789,0.18956899642944336,
adult,code_llm,500,2025,500,success,,True,llm_generated_code,False,,,0,0.0,0,500,0,0.0,0.030413150787353516,1,1,0,llama3.2:3b,0.1,0.9,1800.0,code_llm_v2_scaffolded,Code-LLM-v2,True,True,True,True,False,False,,,500.0,500.0,500.0,1.0,,,,,,,,,,,,,,,,,,,data/generated_code/code_llm_adult_500_seed2025.py,False,code_llm_sampler,code_llm_postprocess_fallback,True,True,True,True,True,True,True,True,500,500,500,0,0,0,0,0,0,0.0,0.0,0.0,0.0,0.0,1.0,0,0,500,500,0,0.0,0,0,,,success,500,18.84698486328125,0.0,0.5,0.5998522531396208,0.726264807301128,0.8693637897786333,True,,0.10026585643752374,0.5132242761444188,0.5501475702327807,0.10026585643752374,0.49958639670209704,0.1671509207687947,0.14333333333333334,0.03366666666666668,0.0020000000000000018,0.0020000000000000018,0.08864760449428226,,0.06691190112357057,0.14333333333333334,0.03366666666666668,0.23542583695569286,0.14870937237855564,0.19206760466712425,0,0.049690874877606865,1.0,0.9110624871511698,True,,0.24853801169590642,0.25316455696202533,-0.004626545266118914,0.004626545266118914,0.2145236508994004,0.2145236508994004,0.19669498861107407,0.19669498861107407,0.20989710563328148,0.19206844334495515,0.015494108200073242,0.17037701606750488,500,19.039961099624634,19.039961099624634,500,,,,,,,,,,,,,,,,,,,,,,,,,,,,,,,,,,,,,,,,,,,,,,,,,,,,,,,,,,,,,,,,,0.0
adult,fallback_only,500,2025,500,success,,True,schema_independent_fallback,True,fallback_only_baseline,baseline,500,1.0,500,0,1,0.002,0.06522893905639648,0,0,0,,,,,,,,,,,,,,,,,,,,,,,,,,,,,,,,500.0,,,1.0,,,False,none,fallback_only,True,True,True,True,True,True,True,True,500,500,500,0,0,0,0,0,0,0.0,0.0,0.0,0.0,0.0,1.0,0,1,499,500,1,0.002,1,1,fallback_only_refill,fallback_only,success,500,0.3091139793395996,0.0,0.5,0.5998522531396208,0.726264807301128,0.8693637897786333,True,,0.04822908816880181,0.4919102623226267,0.44770142318569056,0.04822908816880181,0.551623164970819,0.08040161209092946,0.13266666666666668,0.039,0.0040000000000000036,0.0040000000000000036,0.09553163569354942,,0.06779957559005403,0.13266666666666668,0.039,0.26141502130275,0.1522271634585094,0.2068210923806297,0,0.057719724956150076,1.0,0.9004866495619265,True,,0.25,0.23076923076923078,0.019230769230769218,0.019230769230769218,0.2145236508994004,0.2145236508994004,0.19669498861107407,0.19669498861107407,0.19529288166863118,0.17746421938030485,0.016923904418945312,0.1914210319519043,500,0.52394700050354,0.52394700050354,500,,,,,,,,,,,,,,,,,,,,,,,,,,,,,,,,,,,,,,,,,,,,,,,,,,,,,,,,,,,,,,,,,
pima,ctgan,100,42,500,success,,True,ctgan,False,,,0,0.0,0,500,0,0.0,0.03040599822998047,0,0,0,,,,,,,,,,,,,,,,,,,,,,,,,50.0,2500.0,2500.0,1.0,0.0,0.0,0.0,,True,schema_normalization,1.0,1.0,,False,ctgan,ctgan_postprocess_fallback,True,True,True,True,True,True,True,True,500,500,500,0,0,0,0,0,0,0.0,0.0,0.0,0.0,0.0,1.0,0,0,2500,500,0,0.0,0,0,,,success,500,2.012437105178833,0.0,0.5,0.4842105263157895,0.6229629629629629,0.7255555555555555,True,,0.49635036496350365,0.5698148148148148,0.5887037037037037,0.49635036496350365,-0.012139838647714174,1.025071405902888,0.33925,,0.15000000000000002,0.15000000000000002,0.1626395045317312,,0.21729650151057708,0.33925,,0.3708901098901099,,0.3708901098901099,0,0.10436217271022331,,0.7634789307189445,False,no_protected_attribute,,,,,,,,,,,0.012586116790771484,0.06522798538208008,500,2.091642141342163,2.091642141342163,500,,,,,,,,,,,,,,,,,,,,,,,,,,,,,,,,,,,,,,,,,,,,,,,,,,,,,,,,,,,,,,,,,
pima,ctgan_strong,100,42,500,success,,True,ctgan_strong,False,,,0,0.0,0,500,0,0.0,0.029416322708129883,0,0,0,,,,,,,,,,,,,,,,,,,,,,,,,300.0,2500.0,2500.0,1.0,0.0,0.0,0.0,,True,schema_normalization,1.0,1.0,,False,ctgan_strong,ctgan_strong_postprocess_fallback,True,True,True,True,True,True,True,True,500,500,500,0,0,0,0,0,0,0.0,0.0,0.0,0.0,0.0,1.0,0,0,2500,500,0,0.0,0,0,,,success,500,9.8414888381958,0.0,0.5,0.4842105263157895,0.6229629629629629,0.7255555555555555,True,,0.13114754098360656,0.5220370370370371,0.5796296296296296,0.13114754098360656,0.35306298533218294,0.270848182466144,0.28,,0.092,0.092,0.16839072454867013,,0.18013024151622337,0.28,,0.3026972368765538,,0.3026972368765538,0,0.06709964785281589,,0.8308837444392558,False,no_protected_attribute,,,,,,,,,,,0.011626005172729492,0.06015300750732422,500,9.914025068283081,9.914025068283081,500,,,,,,,,,,,,,,,,,,,,,,,,,,,,,,,,,,,,,,,,,,,,,,,,,,,,,,,,,,,,,,,,,
pima,direct_icl,100,42,500,success,,True,llm_direct_rows,False,,,0,0.0,0,500,0,0.0,0.04568004608154297,24,24,0,llama3.2:3b,0.5,0.9,2200.0,,,,,,,,,,,,500.0,506.0,0.9881422924901185,500.0,1.0,0.5306122448979592,0.14756558247835208,0.0,0.0,,,,,,,,,,,,,,False,direct_icl_primary_valid,direct_icl_repair_fallback,True,True,True,True,True,True,True,True,500,500,500,0,0,0,0,0,0,0.0,0.0,0.0,0.0,0.0,1.0,0,0,501,500,0,0.0,0,0,,,success,500,494.58521127700806,0.0,0.5,0.4842105263157895,0.6229629629629629,0.7255555555555555,True,,0.5306122448979592,0.6507407407407407,0.7168518518518519,0.5306122448979592,-0.04640171858216974,1.095829636202307,0.244,,0.11200000000000002,0.11200000000000002,0.08669674743505622,,0.14756558247835208,0.244,,0.25724591393736373,,0.25724591393736373,0,0.057782137960581806,,0.6798283135580887,False,no_protected_attribute,,,,,,,,,,,0.022416114807128906,0.11638307571411133,500,494.72484612464905,494.72484612464905,500,True,True,True,True,True,True,True,True,500.0,500.0,500.0,0.0,0.0,0.0,0.0,0.0,0.0,0.0,0.0,0.0,0.0,0.0,1.0,0.0,0.5,0.4842105263157895,0.6229629629629629,0.7255555555555555,True,,0.6507407407407407,0.7168518518518519,0.5306122448979592,-0.04640171858216974,1.095829636202307,0.244,,0.11200000000000002,0.11200000000000002,0.08669674743505622,,0.244,,0.25724591393736373,,0.25724591393736373,0.0,0.057782137960581806,,0.6798283135580887,False,no_protected_attribute,,,,,,,,,,,0.02236795425415039,0.10953426361083984,
pima,code_llm,100,42,500,success,,True,llm_generated_code,False,,,0,0.0,0,500,0,0.0,0.036759138107299805,1,1,0,llama3.2:3b,0.1,0.9,1800.0,code_llm_v2_scaffolded,Code-LLM-v2,True,True,True,True,False,False,,,500.0,500.0,500.0,1.0,,,,,,,,,,,,,,,,,,,data/generated_code/code_llm_pima_100_seed42.py,False,code_llm_sampler,code_llm_postprocess_fallback,True,True,True,True,True,True,True,True,500,500,500,0,0,0,0,0,0,0.0,0.0,0.0,0.0,0.0,1.0,0,0,500,500,0,0.0,0,0,,,success,500,16.717101097106934,0.0,0.5,0.4842105263157895,0.6229629629629629,0.7255555555555555,True,,0.06779661016949153,0.5035185185185185,0.4035185185185185,0.06779661016949153,0.41641391614629797,0.1400147383935151,0.122,,0.013999999999999985,0.013999999999999985,0.17951765044577833,,0.10517255014859277,0.122,,0.19990339103667418,,0.19990339103667418,0,0.03764515899204331,,0.8993952101030251,False,no_protected_attribute,,,,,,,,,,,0.02021193504333496,0.10218214988708496,500,16.840968370437622,16.840968370437622,500,,,,,,,,,,,,,,,,,,,,,,,,,,,,,,,,,,,,,,,,,,,,,,,,,,,,,,,,,,,,,,,,,0.0
pima,fallback_only,100,42,500,success,,True,schema_independent_fallback,True,fallback_only_baseline,baseline,500,1.0,500,0,0,0.0,0.04256296157836914,0,0,0,,,,,,,,,,,,,,,,,,,,,,,,,,,,,,,,500.0,,,1.0,,,False,none,fallback_only,True,True,True,True,True,True,True,True,500,500,500,0,0,0,0,0,0,0.0,0.0,0.0,0.0,0.0,1.0,0,0,500,500,0,0.0,0,0,,,success,500,1.517214059829712,0.0,0.5,0.4842105263157895,0.6229629629629629,0.7255555555555555,True,,0.5,0.6264814814814815,0.7544444444444445,0.5,-0.01578947368421052,1.0326086956521738,0.10525000000000001,,0.027999999999999997,0.027999999999999997,0.16719992943066497,,0.10014997647688832,0.10525000000000001,,0.11856691147764636,,0.11856691147764636,0,0.008104303223485407,,0.9307134540878937,False,no_protected_attribute,,,,,,,,,,,0.02073192596435547,0.10486412048339844,500,1.6441571712493896,1.6441571712493896,500,,,,,,,,,,,,,,,,,,,,,,,,,,,,,,,,,,,,,,,,,,,,,,,,,,,,,,,,,,,,,,,,,
pima,ctgan,100,123,500,success,,True,ctgan,False,,,0,0.0,0,500,0,0.0,0.03130698204040527,0,0,0,,,,,,,,,,,,,,,,,,,,,,,,,50.0,2500.0,2500.0,1.0,0.0,0.0,0.0,,True,schema_normalization,1.0,1.0,,False,ctgan,ctgan_postprocess_fallback,True,True,True,True,True,True,True,True,500,500,500,0,0,0,0,0,0,0.0,0.0,0.0,0.0,0.0,1.0,0,0,2500,500,0,0.0,0,0,,,success,500,2.0038139820098877,0.0,0.5,0.5,0.6264814814814815,0.7257407407407408,True,,0.48695652173913045,0.5942592592592593,0.5868518518518518,0.48695652173913045,0.013043478260869545,0.9739130434782609,0.3015,,0.11200000000000002,0.11200000000000002,0.15320227957554056,,0.1889007598585135,0.3015,,0.32655157729507167,,0.32655157729507167,0,0.09210473464654637,,0.8850807785776509,False,no_protected_attribute,,,,,,,,,,,0.012560844421386719,0.06438207626342773,500,2.0820460319519043,2.0820460319519043,500,,,,,,,,,,,,,,,,,,,,,,,,,,,,,,,,,,,,,,,,,,,,,,,,,,,,,,,,,,,,,,,,,
pima,ctgan_strong,100,123,500,success,,True,ctgan_strong,False,,,0,0.0,0,500,0,0.0,0.029201030731201172,0,0,0,,,,,,,,,,,,,,,,,,,,,,,,,300.0,2500.0,2500.0,1.0,0.0,0.0,0.0,,True,schema_normalization,1.0,1.0,,False,ctgan_strong,ctgan_strong_postprocess_fallback,True,True,True,True,True,True,True,True,500,500,500,0,0,0,0,0,0,0.0,0.0,0.0,0.0,0.0,1.0,0,0,2500,500,0,0.0,0,0,,,success,500,9.98842191696167,0.0,0.5,0.5,0.6264814814814815,0.7257407407407408,True,,0.41237113402061853,0.5701851851851851,0.6688888888888889,0.41237113402061853,0.08762886597938147,0.8247422680412371,0.20350000000000001,,0.096,0.096,0.15732170096666204,,0.15227390032222068,0.20350000000000001,,0.2424171870366282,,0.2424171870366282,0,0.0532596402544358,,0.8769267599373948,False,no_protected_attribute,,,,,,,,,,,0.011610031127929688,0.059858083724975586,500,10.060642957687378,10.060642957687378,500,,,,,,,,,,,,,,,,,,,,,,,,,,,,,,,,,,,,,,,,,,,,,,,,,,,,,,,,,,,,,,,,,
pima,direct_icl,100,123,500,success,,True,llm_direct_rows,True,insufficient_valid_direct_icl_rows,validation_refill,1,0.002,1,499,1,0.002,0.04873394966125488,25,25,0,llama3.2:3b,0.5,0.9,2200.0,,,,,,,,,,,,499.0,510.0,0.9784313725490196,499.0,0.998,0.46153846153846156,0.14444116705389773,0.0,0.0,,,,,,,,,,,,,,False,direct_icl_primary_valid,direct_icl_repair_fallback,True,True,True,True,True,True,True,True,500,500,500,0,0,0,0,0,0,0.0,0.0,0.0,0.0,0.0,1.0,0,0,499,500,1,0.002,1,1,direct_icl_refill,direct_icl_repair_fallback,success,500,494.1170082092285,0.0,0.5,0.5,0.6264814814814815,0.7257407407407408,True,,0.4444444444444444,0.6051851851851852,0.7442592592592593,0.4444444444444444,0.05555555555555558,0.8888888888888888,0.23275,,0.10400000000000001,0.10400000000000001,0.09502828762654342,,0.14392609587551447,0.23275,,0.2438991625114973,,0.2438991625114973,0,0.04940322916589589,,0.7721831021952366,False,no_protected_attribute,,,,,,,,,,,0.01289820671081543,0.06764602661132812,500,494.1982877254486,494.1982877254486,500,True,True,True,True,True,True,True,True,499.0,499.0,499.0,0.0,0.0,0.0,0.0,0.0,0.0,0.0,0.0,0.0,0.0,0.0,1.0,0.0,0.5,0.5,0.6264814814814815,0.7257407407407408,True,,0.6144444444444445,0.7462962962962963,0.46153846153846156,0.038461538461538436,0.9230769230769231,0.23338927855711425,,0.10490981963927859,0.10490981963927859,0.09502440296530033,,0.23338927855711425,,0.2445864807080067,,0.2445864807080067,0.0,0.04946829113317418,,0.771686770103676,False,no_protected_attribute,,,,,,,,,,,0.01343536376953125,0.06856179237365723,
pima,code_llm,100,123,500,success,,True,llm_generated_code,False,,,0,0.0,0,500,0,0.0,0.03092503547668457,1,1,0,llama3.2:3b,0.1,0.9,1800.0,code_llm_v2_scaffolded,Code-LLM-v2,True,True,True,True,False,False,,,500.0,500.0,500.0,1.0,,,,,,,,,,,,,,,,,,,data/generated_code/code_llm_pima_100_seed123.py,False,code_llm_sampler,code_llm_postprocess_fallback,True,True,True,True,True,True,True,True,500,500,500,0,0,0,0,0,0,0.0,0.0,0.0,0.0,0.0,1.0,0,0,500,500,0,0.0,0,0,,,success,500,15.759456872940063,0.0,0.5,0.5,0.6264814814814815,0.7257407407407408,True,,0.16129032258064516,0.5312962962962963,0.6475925925925927,0.16129032258064516,0.33870967741935487,0.3225806451612903,0.126,,0.0040000000000000036,0.0040000000000000036,0.14552297066260972,,0.0918409902208699,0.126,,0.2071312715026311,,0.2071312715026311,0,0.04198809383958825,,0.8868306731497402,False,no_protected_attribute,,,,,,,,,,,0.0164031982421875,0.08367013931274414,500,15.860689163208008,15.860689163208008,500,,,,,,,,,,,,,,,,,,,,,,,,,,,,,,,,,,,,,,,,,,,,,,,,,,,,,,,,,,,,,,,,,0.0
pima,fallback_only,100,123,500,success,,True,schema_independent_fallback,True,fallback_only_baseline,baseline,500,1.0,500,0,0,0.0,0.03230905532836914,0,0,0,,,,,,,,,,,,,,,,,,,,,,,,,,,,,,,,500.0,,,1.0,,,False,none,fallback_only,True,True,True,True,True,True,True,True,500,500,500,0,0,0,0,0,0,0.0,0.0,0.0,0.0,0.0,1.0,0,0,500,500,0,0.0,0,0,,,success,500,1.2764317989349365,0.0,0.5,0.5,0.6264814814814815,0.7257407407407408,True,,0.45161290322580644,0.6044444444444445,0.7348148148148147,0.45161290322580644,0.04838709677419356,0.9032258064516129,0.11,,0.008000000000000007,0.008000000000000007,0.15881611452969607,,0.09227203817656536,0.11,,0.13137677816709822,,0.13137677816709822,0,0.01703353376381686,,0.9069361070832718,False,no_protected_attribute,,,,,,,,,,,0.01592397689819336,0.07930183410644531,500,1.3725411891937256,1.3725411891937256,500,,,,,,,,,,,,,,,,,,,,,,,,,,,,,,,,,,,,,,,,,,,,,,,,,,,,,,,,,,,,,,,,,
pima,ctgan,100,2025,500,success,,True,ctgan,False,,,0,0.0,0,500,0,0.0,0.02899622917175293,0,0,0,,,,,,,,,,,,,,,,,,,,,,,,,50.0,2500.0,2500.0,1.0,0.0,0.0,0.0,,True,schema_normalization,1.0,1.0,,False,ctgan,ctgan_postprocess_fallback,True,True,True,True,True,True,True,True,500,500,500,0,0,0,0,0,0,0.0,0.0,0.0,0.0,0.0,1.0,0,0,2500,500,0,0.0,0,0,,,success,500,1.814316749572754,0.0,0.5,0.4946236559139785,0.632962962962963,0.7281481481481482,True,,0.2608695652173913,0.5533333333333333,0.5942592592592593,0.2608695652173913,0.2337540906965872,0.5274102079395084,0.28975,,0.08600000000000005,0.08600000000000005,0.1700060948479613,,0.1819186982826538,0.28975,,0.3159189032224851,,0.3159189032224851,0,0.08301470339464606,,0.7940297223956305,False,no_protected_attribute,,,,,,,,,,,0.011652231216430664,0.05983877182006836,500,1.8868789672851562,1.8868789672851562,500,,,,,,,,,,,,,,,,,,,,,,,,,,,,,,,,,,,,,,,,,,,,,,,,,,,,,,,,,,,,,,,,,
pima,ctgan_strong,100,2025,500,success,,True,ctgan_strong,False,,,0,0.0,0,500,0,0.0,0.029017925262451172,0,0,0,,,,,,,,,,,,,,,,,,,,,,,,,300.0,2500.0,2500.0,1.0,0.0,0.0,0.0,,True,schema_normalization,1.0,1.0,,False,ctgan_strong,ctgan_strong_postprocess_fallback,True,True,True,True,True,True,True,True,500,500,500,0,0,0,0,0,0,0.0,0.0,0.0,0.0,0.0,1.0,0,0,2500,500,0,0.0,0,0,,,success,500,10.098223686218262,0.0,0.5,0.4946236559139785,0.632962962962963,0.7281481481481482,True,,0.358974358974359,0.48444444444444446,0.4892592592592593,0.358974358974359,0.13564929693961952,0.725752508361204,0.2725,,0.088,0.088,0.18249384607213473,,0.1809979486907116,0.2725,,0.31574802738333185,,0.31574802738333185,0,0.07431664086031277,,0.9175976785658999,False,no_protected_attribute,,,,,,,,,,,0.011631011962890625,0.060270071029663086,500,10.170846939086914,10.170846939086914,500,,,,,,,,,,,,,,,,,,,,,,,,,,,,,,,,,,,,,,,,,,,,,,,,,,,,,,,,,,,,,,,,,
pima,direct_icl,100,2025,500,success,,True,llm_direct_rows,False,,,0,0.0,0,500,0,0.0,0.026987075805664062,25,25,0,llama3.2:3b,0.5,0.9,2200.0,,,,,,,,,,,,500.0,514.0,0.9727626459143969,500.0,1.0,0.5054945054945055,0.1582350208508966,0.0,0.0,,,,,,,,,,,,,,False,direct_icl_primary_valid,direct_icl_repair_fallback,True,True,True,True,True,True,True,True,500,500,500,0,0,0,0,0,0,0.0,0.0,0.0,0.0,0.0,1.0,0,0,509,500,0,0.0,0,0,,,success,500,488.82783007621765,0.0,0.5,0.4946236559139785,0.632962962962963,0.7281481481481482,True,,0.5054945054945055,0.642962962962963,0.7068518518518518,0.5054945054945055,-0.010870849580526976,1.021978021978022,0.22699999999999998,,0.126,0.126,0.1217050625526899,,0.1582350208508966,0.22699999999999998,,0.24395249732306312,,0.24395249732306312,0,0.058173101133872876,,0.7677439676300783,False,no_protected_attribute,,,,,,,,,,,0.013343334197998047,0.06964683532714844,500,488.91156911849976,488.91156911849976,500,True,True,True,True,True,True,True,True,500.0,500.0,500.0,0.0,0.0,0.0,0.0,0.0,0.0,0.0,0.0,0.0,0.0,0.0,1.0,0.0,0.5,0.4946236559139785,0.632962962962963,0.7281481481481482,True,,0.642962962962963,0.7068518518518518,0.5054945054945055,-0.010870849580526976,1.021978021978022,0.22699999999999998,,0.126,0.126,0.1217050625526899,,0.22699999999999998,,0.24395249732306312,,0.24395249732306312,0.0,0.058173101133872876,,0.7677439676300783,False,no_protected_attribute,,,,,,,,,,,0.013852357864379883,0.07073378562927246,
pima,code_llm,100,2025,500,success,,True,llm_generated_code,False,,,0,0.0,0,500,0,0.0,0.02432107925415039,1,1,0,llama3.2:3b,0.1,0.9,1800.0,code_llm_v2_scaffolded,Code-LLM-v2,True,True,True,True,False,False,,,500.0,500.0,500.0,1.0,,,,,,,,,,,,,,,,,,,data/generated_code/code_llm_pima_100_seed2025.py,False,code_llm_sampler,code_llm_postprocess_fallback,True,True,True,True,True,True,True,True,500,500,500,0,0,0,0,0,0,0.0,0.0,0.0,0.0,0.0,1.0,0,0,500,500,0,0.0,0,0,,,success,500,15.461245775222778,0.0,0.5,0.4946236559139785,0.632962962962963,0.7281481481481482,True,,0.0,0.5,0.45092592592592595,0.0,0.4946236559139785,0.0,0.1335,,0.006000000000000005,0.006000000000000005,0.18398028877996075,,0.1078267629266536,0.1335,,0.19821946700491794,,0.19821946700491794,0,0.0382772218845934,,0.8812248929340394,False,no_protected_attribute,,,,,,,,,,,0.012200117111206055,0.06253409385681152,500,15.536756992340088,15.536756992340088,500,,,,,,,,,,,,,,,,,,,,,,,,,,,,,,,,,,,,,,,,,,,,,,,,,,,,,,,,,,,,,,,,,0.0
pima,fallback_only,100,2025,500,success,,True,schema_independent_fallback,True,fallback_only_baseline,baseline,500,1.0,500,0,0,0.0,0.03178691864013672,0,0,0,,,,,,,,,,,,,,,,,,,,,,,,,,,,,,,,500.0,,,1.0,,,False,none,fallback_only,True,True,True,True,True,True,True,True,500,500,500,0,0,0,0,0,0,0.0,0.0,0.0,0.0,0.0,1.0,0,0,500,500,0,0.0,0,0,,,success,500,1.0951259136199951,0.0,0.5,0.4946236559139785,0.632962962962963,0.7281481481481482,True,,0.5106382978723404,0.6422222222222222,0.7511111111111112,0.5106382978723404,-0.016014641958361886,1.032377428307123,0.11624999999999999,,0.015999999999999986,0.015999999999999986,0.17042183792403254,,0.10089061264134418,0.11624999999999999,,0.13847887088905053,,0.13847887088905053,0,0.015010541850589865,,0.8955404931509283,False,no_protected_attribute,,,,,,,,,,,0.016443967819213867,0.08502602577209473,500,1.197328805923462,1.197328805923462,500,,,,,,,,,,,,,,,,,,,,,,,,,,,,,,,,,,,,,,,,,,,,,,,,,,,,,,,,,,,,,,,,,
pima,ctgan,500,42,500,success,,True,ctgan,False,,,0,0.0,0,500,0,0.0,0.03148603439331055,0,0,0,,,,,,,,,,,,,,,,,,,,,,,,,50.0,2500.0,2500.0,1.0,0.0,0.0,0.0,,True,schema_normalization,1.0,1.0,,False,ctgan,ctgan_postprocess_fallback,True,True,True,True,True,True,True,True,500,500,500,0,0,0,0,0,0,0.0,0.0,0.0,0.0,0.0,1.0,0,0,2500,500,0,0.0,0,0,,,success,500,7.344074964523315,0.0,0.5,0.5052631578947369,0.6372222222222221,0.7440740740740741,True,,0.3170731707317073,0.5453703703703704,0.49870370370370365,0.3170731707317073,0.18818998716302954,0.6275406504065041,0.37,,0.11400000000000002,0.11400000000000002,0.1698520570213577,,0.21795068567378592,0.37,,0.39631234433612983,,0.39631234433612983,0,0.11897091904122459,,0.81629909359734,False,no_protected_attribute,,,,,,,,,,,0.012797832489013672,0.06490015983581543,500,7.42323112487793,7.42323112487793,500,,,,,,,,,,,,,,,,,,,,,,,,,,,,,,,,,,,,,,,,,,,,,,,,,,,,,,,,,,,,,,,,,
pima,ctgan_strong,500,42,500,success,,True,ctgan_strong,False,,,0,0.0,0,500,0,0.0,0.03142213821411133,0,0,0,,,,,,,,,,,,,,,,,,,,,,,,,300.0,2500.0,2500.0,1.0,0.0,0.0,0.0,,True,schema_normalization,1.0,1.0,,False,ctgan_strong,ctgan_strong_postprocess_fallback,True,True,True,True,True,True,True,True,500,500,500,0,0,0,0,0,0,0.0,0.0,0.0,0.0,0.0,1.0,0,0,2500,500,0,0.0,0,0,,,success,500,11.647471189498901,0.0,0.5,0.5052631578947369,0.6372222222222221,0.7440740740740741,True,,0.4943820224719101,0.5074074074074074,0.5166666666666667,0.4943820224719101,0.01088113542282676,0.9784644194756553,0.25275,,0.11600000000000002,0.11600000000000002,0.13740128516535222,,0.16871709505511742,0.25275,,0.28661507224823624,,0.28661507224823624,0,0.08652690089360292,,0.8244338379684851,False,no_protected_attribute,,,,,,,,,,,0.012727975845336914,0.06317996978759766,500,11.724393844604492,11.724393844604492,500,,,,,,,,,,,,,,,,,,,,,,,,,,,,,,,,,,,,,,,,,,,,,,,,,,,,,,,,,,,,,,,,,
pima,direct_icl,500,42,500,success,,True,llm_direct_rows,False,,,0,0.0,0,500,0,0.0,0.0300290584564209,25,25,0,llama3.2:3b,0.5,0.9,2200.0,,,,,,,,,,,,500.0,511.0,0.9784735812133072,500.0,1.0,0.4888888888888889,0.15119344997423756,0.0,0.0,,,,,,,,,,,,,,False,direct_icl_primary_valid,direct_icl_repair_fallback,True,True,True,True,True,True,True,True,500,500,500,0,0,0,0,0,0,0.0,0.0,0.0,0.0,0.0,1.0,0,0,501,500,0,0.0,0,0,,,success,500,487.74971413612366,0.0,0.5,0.5052631578947369,0.6372222222222221,0.7440740740740741,True,,0.4888888888888889,0.6337037037037037,0.7401851851851852,0.4888888888888889,0.016374269005847986,0.9675925925925926,0.243,,0.11200000000000002,0.11200000000000002,0.09858034992271267,,0.15119344997423756,0.243,,0.26076602334483745,,0.26076602334483745,0,0.061762760207700114,,0.7332081209099549,False,no_protected_attribute,,,,,,,,,,,0.015512943267822266,0.07732105255126953,500,487.8433401584625,487.8433401584625,500,True,True,True,True,True,True,True,True,500.0,500.0,500.0,0.0,0.0,0.0,0.0,0.0,0.0,0.0,0.0,0.0,0.0,0.0,1.0,0.0,0.5,0.5052631578947369,0.6372222222222221,0.7440740740740741,True,,0.6337037037037037,0.7401851851851852,0.4888888888888889,0.016374269005847986,0.9675925925925926,0.243,,0.11200000000000002,0.11200000000000002,0.09858034992271267,,0.243,,0.26076602334483745,,0.26076602334483745,0.0,0.061762760207700114,,0.7332081209099549,False,no_protected_attribute,,,,,,,,,,,0.015504121780395508,0.07995486259460449,
pima,code_llm,500,42,500,success,,True,llm_generated_code,False,,,0,0.0,0,500,0,0.0,0.02881598472595215,1,1,0,llama3.2:3b,0.1,0.9,1800.0,code_llm_v2_scaffolded,Code-LLM-v2,True,True,True,True,False,False,,,500.0,500.0,500.0,1.0,,,,,,,,,,,,,,,,,,,data/generated_code/code_llm_pima_500_seed42.py,False,code_llm_sampler,code_llm_postprocess_fallback,True,True,True,True,True,True,True,True,500,500,500,0,0,0,0,0,0,0.0,0.0,0.0,0.0,0.0,1.0,0,0,500,500,0,0.0,0,0,,,success,500,15.537769317626953,0.0,0.5,0.5052631578947369,0.6372222222222221,0.7440740740740741,True,,0.03636363636363636,0.5092592592592593,0.41481481481481486,0.03636363636363636,0.4688995215311005,0.07196969696969696,0.1205,,0.01999999999999999,0.01999999999999999,0.15369913144288805,,0.09806637714762934,0.1205,,0.1838119874472567,,0.1838119874472567,0,0.03701206946634845,,0.9211229922643285,False,no_protected_attribute,,,,,,,,,,,0.015121936798095703,0.07270193099975586,500,15.62706470489502,15.62706470489502,500,,,,,,,,,,,,,,,,,,,,,,,,,,,,,,,,,,,,,,,,,,,,,,,,,,,,,,,,,,,,,,,,,0.0
pima,fallback_only,500,42,500,success,,True,schema_independent_fallback,True,fallback_only_baseline,baseline,500,1.0,500,0,0,0.0,0.037615060806274414,0,0,0,,,,,,,,,,,,,,,,,,,,,,,,,,,,,,,,500.0,,,1.0,,,False,none,fallback_only,True,True,True,True,True,True,True,True,500,500,500,0,0,0,0,0,0,0.0,0.0,0.0,0.0,0.0,1.0,0,0,500,500,0,0.0,0,0,,,success,500,1.2190489768981934,0.0,0.5,0.5052631578947369,0.6372222222222221,0.7440740740740741,True,,0.5,0.637962962962963,0.7527777777777777,0.5,0.0052631578947368585,0.9895833333333333,0.11324999999999999,,0.03599999999999995,0.03599999999999995,0.14669953735062768,,0.09864984578354254,0.11324999999999999,,0.12610135924456858,,0.12610135924456858,0,0.010912755973127714,,0.9458042829029034,False,no_protected_attribute,,,,,,,,,,,0.01779794692993164,0.08272790908813477,500,1.320432186126709,1.320432186126709,500,,,,,,,,,,,,,,,,,,,,,,,,,,,,,,,,,,,,,,,,,,,,,,,,,,,,,,,,,,,,,,,,,
pima,ctgan,500,123,500,success,,True,ctgan,False,,,0,0.0,0,500,0,0.0,0.03152894973754883,0,0,0,,,,,,,,,,,,,,,,,,,,,,,,,50.0,2500.0,2500.0,1.0,0.0,0.0,0.0,,True,schema_normalization,1.0,1.0,,False,ctgan,ctgan_postprocess_fallback,True,True,True,True,True,True,True,True,500,500,500,0,0,0,0,0,0,0.0,0.0,0.0,0.0,0.0,1.0,0,0,2500,500,0,0.0,0,0,,,success,500,7.290771245956421,0.0,0.5,0.48936170212765956,0.627962962962963,0.7418518518518519,True,,0.0967741935483871,0.5027777777777778,0.42055555555555557,0.0967741935483871,0.3925875085792725,0.19775596072931276,0.28300000000000003,,0.11200000000000002,0.11200000000000002,0.15510862839251793,,0.18336954279750597,0.28300000000000003,,0.3220198672817647,,0.3220198672817647,0,0.06911929245759987,,0.8471888025159336,False,no_protected_attribute,,,,,,,,,,,0.012717723846435547,0.06410598754882812,500,7.368926048278809,7.368926048278809,500,,,,,,,,,,,,,,,,,,,,,,,,,,,,,,,,,,,,,,,,,,,,,,,,,,,,,,,,,,,,,,,,,
pima,ctgan_strong,500,123,500,success,,True,ctgan_strong,False,,,0,0.0,0,500,0,0.0,0.03146481513977051,0,0,0,,,,,,,,,,,,,,,,,,,,,,,,,300.0,2500.0,2500.0,1.0,0.0,0.0,0.0,,True,schema_normalization,1.0,1.0,,False,ctgan_strong,ctgan_strong_postprocess_fallback,True,True,True,True,True,True,True,True,500,500,500,0,0,0,0,0,0,0.0,0.0,0.0,0.0,0.0,1.0,0,0,2500,500,0,0.0,0,0,,,success,500,11.457396030426025,0.0,0.5,0.48936170212765956,0.627962962962963,0.7418518518518519,True,,0.5045045045045045,0.6142592592592593,0.6559259259259259,0.5045045045045045,-0.0151428023768449,1.0309439874657265,0.1685,,0.122,0.122,0.15078913533247998,,0.14709637844416,0.1685,,0.2149502738099171,,0.2149502738099171,0,0.04475410349799714,,0.874672107351443,False,no_protected_attribute,,,,,,,,,,,0.012692928314208984,0.06226086616516113,500,11.533421039581299,11.533421039581299,500,,,,,,,,,,,,,,,,,,,,,,,,,,,,,,,,,,,,,,,,,,,,,,,,,,,,,,,,,,,,,,,,,
pima,direct_icl,500,123,500,success,,True,llm_direct_rows,False,,,0,0.0,0,500,0,0.0,0.029722929000854492,26,26,0,llama3.2:3b,0.5,0.9,2200.0,,,,,,,,,,,,500.0,519.0,0.9633911368015414,500.0,1.0,0.49504950495049505,0.13086165579470144,0.0,0.0,,,,,,,,,,,,,,False,direct_icl_primary_valid,direct_icl_repair_fallback,True,True,True,True,True,True,True,True,500,500,500,0,0,0,0,0,0,0.0,0.0,0.0,0.0,0.0,1.0,0,0,517,500,0,0.0,0,0,,,success,500,497.1779429912567,0.0,0.5,0.48936170212765956,0.627962962962963,0.7418518518518519,True,,0.49504950495049505,0.6214814814814815,0.6835185185185185,0.49504950495049505,-0.005687802822835486,1.0116229014205769,0.21025000000000002,,0.092,0.092,0.09033496738410428,,0.13086165579470144,0.21025000000000002,,0.24080128363632702,,0.24080128363632702,0,0.0541148185893092,,0.7458819854278778,False,no_protected_attribute,,,,,,,,,,,0.015705108642578125,0.07528114318847656,500,497.2697160243988,497.2697160243988,500,True,True,True,True,True,True,True,True,500.0,500.0,500.0,0.0,0.0,0.0,0.0,0.0,0.0,0.0,0.0,0.0,0.0,0.0,1.0,0.0,0.5,0.48936170212765956,0.627962962962963,0.7418518518518519,True,,0.6214814814814815,0.6835185185185185,0.49504950495049505,-0.005687802822835486,1.0116229014205769,0.21025000000000002,,0.092,0.092,0.09033496738410428,,0.21025000000000002,,0.24080128363632702,,0.24080128363632702,0.0,0.0541148185893092,,0.7458819854278778,False,no_protected_attribute,,,,,,,,,,,0.015156030654907227,0.0777897834777832,
pima,code_llm,500,123,500,success,,True,llm_generated_code,False,,,0,0.0,0,500,0,0.0,0.026539087295532227,1,1,0,llama3.2:3b,0.1,0.9,1800.0,code_llm_v2_scaffolded,Code-LLM-v2,True,True,True,True,False,False,,,500.0,500.0,500.0,1.0,,,,,,,,,,,,,,,,,,,data/generated_code/code_llm_pima_500_seed123.py,False,code_llm_sampler,code_llm_postprocess_fallback,True,True,True,True,True,True,True,True,500,500,500,0,0,0,0,0,0,0.0,0.0,0.0,0.0,0.0,1.0,0,0,500,500,0,0.0,0,0,,,success,500,15.608696937561035,0.0,0.5,0.48936170212765956,0.627962962962963,0.7418518518518519,True,,0.13333333333333333,0.527037037037037,0.644814814814815,0.13333333333333333,0.3560283687943262,0.27246376811594203,0.1295,,0.0,0.0,0.15294094765947797,,0.09414698255315933,0.1295,,0.18205477399337144,,0.18205477399337144,0,0.03706574772941358,,0.9304862100915905,False,no_protected_attribute,,,,,,,,,,,0.013633012771606445,0.06426024436950684,500,15.687839984893799,15.687839984893799,500,,,,,,,,,,,,,,,,,,,,,,,,,,,,,,,,,,,,,,,,,,,,,,,,,,,,,,,,,,,,,,,,,0.0
pima,fallback_only,500,123,500,success,,True,schema_independent_fallback,True,fallback_only_baseline,baseline,500,1.0,500,0,0,0.0,0.03691506385803223,0,0,0,,,,,,,,,,,,,,,,,,,,,,,,,,,,,,,,500.0,,,1.0,,,False,none,fallback_only,True,True,True,True,True,True,True,True,500,500,500,0,0,0,0,0,0,0.0,0.0,0.0,0.0,0.0,1.0,0,0,500,500,0,0.0,0,0,,,success,500,1.097203016281128,0.0,0.5,0.48936170212765956,0.627962962962963,0.7418518518518519,True,,0.5,0.637962962962963,0.7585185185185186,0.5,-0.010638297872340441,1.0217391304347827,0.11925000000000001,,0.006000000000000005,0.006000000000000005,0.15559804684961323,,0.09361601561653776,0.11925000000000001,,0.134440769836579,,0.134440769836579,0,0.016019669186853665,,0.9319642919992315,False,no_protected_attribute,,,,,,,,,,,0.01801919937133789,0.08638691902160645,500,1.2023398876190186,1.2023398876190186,500,,,,,,,,,,,,,,,,,,,,,,,,,,,,,,,,,,,,,,,,,,,,,,,,,,,,,,,,,,,,,,,,,
pima,ctgan,500,2025,500,success,,True,ctgan,False,,,0,0.0,0,500,0,0.0,0.03150010108947754,0,0,0,,,,,,,,,,,,,,,,,,,,,,,,,50.0,2500.0,2500.0,1.0,0.0,0.0,0.0,,True,schema_normalization,1.0,1.0,,False,ctgan,ctgan_postprocess_fallback,True,True,True,True,True,True,True,True,500,500,500,0,0,0,0,0,0,0.0,0.0,0.0,0.0,0.0,1.0,0,0,2500,500,0,0.0,0,0,,,success,500,7.327493906021118,0.0,0.5,0.5052631578947369,0.6372222222222221,0.7487037037037036,True,,0.4305555555555556,0.49203703703703705,0.5327777777777778,0.4305555555555556,0.07470760233918128,0.8521412037037037,0.33375,,0.138,0.138,0.17181696518618095,,0.21452232172872698,0.33375,,0.37877400155045016,,0.37877400155045016,0,0.09874546603465567,,0.8735717344077889,False,no_protected_attribute,,,,,,,,,,,0.012777090072631836,0.06496191024780273,500,7.4066197872161865,7.4066197872161865,500,,,,,,,,,,,,,,,,,,,,,,,,,,,,,,,,,,,,,,,,,,,,,,,,,,,,,,,,,,,,,,,,,
pima,ctgan_strong,500,2025,500,success,,True,ctgan_strong,False,,,0,0.0,0,500,0,0.0,0.031419992446899414,0,0,0,,,,,,,,,,,,,,,,,,,,,,,,,300.0,2500.0,2500.0,1.0,0.0,0.0,0.0,,True,schema_normalization,1.0,1.0,,False,ctgan_strong,ctgan_strong_postprocess_fallback,True,True,True,True,True,True,True,True,500,500,500,0,0,0,0,0,0,0.0,0.0,0.0,0.0,0.0,1.0,0,0,2500,500,0,0.0,0,0,,,success,500,11.588733911514282,0.0,0.5,0.5052631578947369,0.6372222222222221,0.7487037037037036,True,,0.14492753623188406,0.4962962962962963,0.41055555555555556,0.14492753623188406,0.3603356216628528,0.28683574879227053,0.26875000000000004,,0.12000000000000002,0.12000000000000002,0.1548563754551695,,0.18120212515172318,0.26875000000000004,,0.3034877798323792,,0.3034877798323792,0,0.06890522922838355,,0.8465690777307344,False,no_protected_attribute,,,,,,,,,,,0.013503074645996094,0.06462287902832031,500,11.667834997177124,11.667834997177124,500,,,,,,,,,,,,,,,,,,,,,,,,,,,,,,,,,,,,,,,,,,,,,,,,,,,,,,,,,,,,,,,,,
pima,direct_icl,500,2025,500,success,,True,llm_direct_rows,True,insufficient_valid_direct_icl_rows,validation_refill,12,0.024,12,488,12,0.024,0.10316705703735352,25,25,0,llama3.2:3b,0.5,0.9,2200.0,,,,,,,,,,,,488.0,513.0,0.9512670565302144,488.0,0.976,0.4578313253012048,0.12993709631508812,0.0,0.0,,,,,,,,,,,,,,False,direct_icl_primary_valid,direct_icl_repair_fallback,True,True,True,True,True,True,True,True,500,500,500,0,0,0,0,0,0,0.0,0.0,0.0,0.0,0.0,1.0,0,0,488,500,12,0.024,12,1,direct_icl_refill,direct_icl_repair_fallback,success,500,490.94944500923157,0.0,0.5,0.5052631578947369,0.6372222222222221,0.7487037037037036,True,,0.5,0.6494444444444445,0.7318518518518518,0.5,0.0052631578947368585,0.9895833333333333,0.21575,,0.07600000000000004,0.07600000000000004,0.08940316662956457,,0.1270510555431882,0.21575,,0.2446986281693239,,0.2446986281693239,0,0.06363289100137284,,0.7647682241005835,False,no_protected_attribute,,,,,,,,,,,0.016065120697021484,0.07911086082458496,500,491.04543900489807,491.04543900489807,500,True,True,True,True,True,True,True,True,488.0,488.0,488.0,0.0,0.0,0.0,0.0,0.0,0.0,0.0,0.0,0.0,0.0,0.0,1.0,0.0,0.5,0.5052631578947369,0.6372222222222221,0.7487037037037036,True,,0.625925925925926,0.7025925925925927,0.4578313253012048,0.047431832593532064,0.9061244979919678,0.22158606557377047,,0.08027868852459019,0.08027868852459019,0.08794653484690368,,0.22158606557377047,,0.24926161839027927,,0.24926161839027927,0.0,0.06449853403912109,,0.7546026368617931,False,no_protected_attribute,,,,,,,,,,,0.015906810760498047,0.08505511283874512,
pima,code_llm,500,2025,500,success,,True,llm_generated_code,False,,,0,0.0,0,500,0,0.0,0.026000022888183594,1,1,0,llama3.2:3b,0.1,0.9,1800.0,code_llm_v2_scaffolded,Code-LLM-v2,True,True,True,True,False,False,,,500.0,500.0,500.0,1.0,,,,,,,,,,,,,,,,,,,data/generated_code/code_llm_pima_500_seed2025.py,False,code_llm_sampler,code_llm_postprocess_fallback,True,True,True,True,True,True,True,True,500,500,500,0,0,0,0,0,0,0.0,0.0,0.0,0.0,0.0,1.0,0,0,500,500,0,0.0,0,0,,,success,500,15.69253134727478,0.0,0.5,0.5052631578947369,0.6372222222222221,0.7487037037037036,True,,0.0,0.5,0.4455555555555556,0.0,0.5052631578947369,0.0,0.125,,0.009999999999999981,0.009999999999999981,0.17072556597705696,,0.1019085219923523,0.125,,0.1865095084427514,,0.1865095084427514,0,0.03866082684781637,,0.9236911244409564,False,no_protected_attribute,,,,,,,,,,,0.012852907180786133,0.06306099891662598,500,15.76938772201538,15.76938772201538,500,,,,,,,,,,,,,,,,,,,,,,,,,,,,,,,,,,,,,,,,,,,,,,,,,,,,,,,,,,,,,,,,,0.0
pima,fallback_only,500,2025,500,success,,True,schema_independent_fallback,True,fallback_only_baseline,baseline,500,1.0,500,0,0,0.0,0.03797793388366699,0,0,0,,,,,,,,,,,,,,,,,,,,,,,,,,,,,,,,500.0,,,1.0,,,False,none,fallback_only,True,True,True,True,True,True,True,True,500,500,500,0,0,0,0,0,0,0.0,0.0,0.0,0.0,0.0,1.0,0,0,500,500,0,0.0,0,0,,,success,500,1.097020149230957,0.0,0.5,0.5052631578947369,0.6372222222222221,0.7487037037037036,True,,0.47191011235955055,0.6244444444444445,0.7485185185185186,0.47191011235955055,0.03335304553518631,0.9339887640449438,0.11574999999999999,,0.01999999999999999,0.01999999999999999,0.1499416479903397,,0.09523054933011323,0.11574999999999999,,0.130885546735928,,0.130885546735928,0,0.014059682948062653,,0.9141390708526815,False,no_protected_attribute,,,,,,,,,,,0.018455982208251953,0.08911395072937012,500,1.205315113067627,1.205315113067627,500,,,,,,,,,,,,,,,,,,,,,,,,,,,,,,,,,,,,,,,,,,,,,,,,,,,,,,,,,,,,,,,,,
